Timing Analyzer report for UART
Mon Sep 07 11:39:49 2026
Quartus Prime Version 20.1.0 Build 711 06/05/2020 SJ Lite Edition


---------------------
; Table of Contents ;
---------------------
  1. Legal Notice
  2. Timing Analyzer Summary
  3. Parallel Compilation
  4. Clocks
  5. Slow 1200mV 85C Model Fmax Summary
  6. Timing Closure Recommendations
  7. Slow 1200mV 85C Model Setup Summary
  8. Slow 1200mV 85C Model Hold Summary
  9. Slow 1200mV 85C Model Recovery Summary
 10. Slow 1200mV 85C Model Removal Summary
 11. Slow 1200mV 85C Model Minimum Pulse Width Summary
 12. Slow 1200mV 85C Model Setup: 'clk'
 13. Slow 1200mV 85C Model Hold: 'clk'
 14. Slow 1200mV 85C Model Metastability Summary
 15. Slow 1200mV 0C Model Fmax Summary
 16. Slow 1200mV 0C Model Setup Summary
 17. Slow 1200mV 0C Model Hold Summary
 18. Slow 1200mV 0C Model Recovery Summary
 19. Slow 1200mV 0C Model Removal Summary
 20. Slow 1200mV 0C Model Minimum Pulse Width Summary
 21. Slow 1200mV 0C Model Setup: 'clk'
 22. Slow 1200mV 0C Model Hold: 'clk'
 23. Slow 1200mV 0C Model Metastability Summary
 24. Fast 1200mV 0C Model Setup Summary
 25. Fast 1200mV 0C Model Hold Summary
 26. Fast 1200mV 0C Model Recovery Summary
 27. Fast 1200mV 0C Model Removal Summary
 28. Fast 1200mV 0C Model Minimum Pulse Width Summary
 29. Fast 1200mV 0C Model Setup: 'clk'
 30. Fast 1200mV 0C Model Hold: 'clk'
 31. Fast 1200mV 0C Model Metastability Summary
 32. Multicorner Timing Analysis Summary
 33. Board Trace Model Assignments
 34. Input Transition Times
 35. Signal Integrity Metrics (Slow 1200mv 0c Model)
 36. Signal Integrity Metrics (Slow 1200mv 85c Model)
 37. Signal Integrity Metrics (Fast 1200mv 0c Model)
 38. Setup Transfers
 39. Hold Transfers
 40. Report TCCS
 41. Report RSKM
 42. Unconstrained Paths Summary
 43. Clock Status Summary
 44. Unconstrained Input Ports
 45. Unconstrained Output Ports
 46. Unconstrained Input Ports
 47. Unconstrained Output Ports
 48. Timing Analyzer Messages



----------------
; Legal Notice ;
----------------
Copyright (C) 2020  Intel Corporation. All rights reserved.
Your use of Intel Corporation's design tools, logic functions 
and other software and tools, and any partner logic 
functions, and any output files from any of the foregoing 
(including device programming or simulation files), and any 
associated documentation or information are expressly subject 
to the terms and conditions of the Intel Program License 
Subscription Agreement, the Intel Quartus Prime License Agreement,
the Intel FPGA IP License Agreement, or other applicable license
agreement, including, without limitation, that your use is for
the sole purpose of programming logic devices manufactured by
Intel and sold by Intel or its authorized distributors.  Please
refer to the applicable agreement for further details, at
https://fpgasoftware.intel.com/eula.



+-----------------------------------------------------------------------------+
; Timing Analyzer Summary                                                     ;
+-----------------------+-----------------------------------------------------+
; Quartus Prime Version ; Version 20.1.0 Build 711 06/05/2020 SJ Lite Edition ;
; Timing Analyzer       ; Legacy Timing Analyzer                              ;
; Revision Name         ; UART                                                ;
; Device Family         ; Cyclone IV E                                        ;
; Device Name           ; EP4CE6E22C8                                         ;
; Timing Models         ; Final                                               ;
; Delay Model           ; Combined                                            ;
; Rise/Fall Delays      ; Enabled                                             ;
+-----------------------+-----------------------------------------------------+


+------------------------------------------+
; Parallel Compilation                     ;
+----------------------------+-------------+
; Processors                 ; Number      ;
+----------------------------+-------------+
; Number detected on machine ; 16          ;
; Maximum allowed            ; 16          ;
;                            ;             ;
; Average used               ; 1.08        ;
; Maximum used               ; 16          ;
;                            ;             ;
; Usage by Processor         ; % Time Used ;
;     Processor 1            ; 100.0%      ;
;     Processors 2-16        ;   0.5%      ;
+----------------------------+-------------+


+---------------------------------------------------------------------------------------------------------------------------------------------------------------------------------+
; Clocks                                                                                                                                                                          ;
+------------+------+--------+------------+-------+-------+------------+-----------+-------------+-------+--------+-----------+------------+----------+--------+--------+---------+
; Clock Name ; Type ; Period ; Frequency  ; Rise  ; Fall  ; Duty Cycle ; Divide by ; Multiply by ; Phase ; Offset ; Edge List ; Edge Shift ; Inverted ; Master ; Source ; Targets ;
+------------+------+--------+------------+-------+-------+------------+-----------+-------------+-------+--------+-----------+------------+----------+--------+--------+---------+
; clk        ; Base ; 1.000  ; 1000.0 MHz ; 0.000 ; 0.500 ;            ;           ;             ;       ;        ;           ;            ;          ;        ;        ; { clk } ;
+------------+------+--------+------------+-------+-------+------------+-----------+-------------+-------+--------+-----------+------------+----------+--------+--------+---------+


+--------------------------------------------------+
; Slow 1200mV 85C Model Fmax Summary               ;
+------------+-----------------+------------+------+
; Fmax       ; Restricted Fmax ; Clock Name ; Note ;
+------------+-----------------+------------+------+
; 180.21 MHz ; 180.21 MHz      ; clk        ;      ;
+------------+-----------------+------------+------+
This panel reports FMAX for every clock in the design, regardless of the user-specified clock periods.  FMAX is only computed for paths where the source and destination registers or ports are driven by the same clock.  Paths of different clocks, including generated clocks, are ignored.  For paths between a clock and its inversion, FMAX is computed as if the rising and falling edges are scaled along with FMAX, such that the duty cycle (in terms of a percentage) is maintained. Altera recommends that you always use clock constraints and other slack reports for sign-off analysis.


----------------------------------
; Timing Closure Recommendations ;
----------------------------------
HTML report is unavailable in plain text report export.


+-------------------------------------+
; Slow 1200mV 85C Model Setup Summary ;
+-------+--------+--------------------+
; Clock ; Slack  ; End Point TNS      ;
+-------+--------+--------------------+
; clk   ; -4.549 ; -370.007           ;
+-------+--------+--------------------+


+------------------------------------+
; Slow 1200mV 85C Model Hold Summary ;
+-------+-------+--------------------+
; Clock ; Slack ; End Point TNS      ;
+-------+-------+--------------------+
; clk   ; 0.453 ; 0.000              ;
+-------+-------+--------------------+


------------------------------------------
; Slow 1200mV 85C Model Recovery Summary ;
------------------------------------------
No paths to report.


-----------------------------------------
; Slow 1200mV 85C Model Removal Summary ;
-----------------------------------------
No paths to report.


+---------------------------------------------------+
; Slow 1200mV 85C Model Minimum Pulse Width Summary ;
+-------+--------+----------------------------------+
; Clock ; Slack  ; End Point TNS                    ;
+-------+--------+----------------------------------+
; clk   ; -3.000 ; -153.187                         ;
+-------+--------+----------------------------------+


+------------------------------------------------------------------------------------------------------------------------------------------------------------------------------------+
; Slow 1200mV 85C Model Setup: 'clk'                                                                                                                                                 ;
+--------+---------------------------------------------+-------------------------------------------------------+--------------+-------------+--------------+------------+------------+
; Slack  ; From Node                                   ; To Node                                               ; Launch Clock ; Latch Clock ; Relationship ; Clock Skew ; Data Delay ;
+--------+---------------------------------------------+-------------------------------------------------------+--------------+-------------+--------------+------------+------------+
; -4.549 ; UART_RX:u_rx|baudrate_gen:u_brg|counter[13] ; UART_RX:u_rx|state.IDLE                               ; clk          ; clk         ; 1.000        ; -0.077     ; 5.473      ;
; -4.548 ; UART_RX:u_rx|baudrate_gen:u_brg|counter[13] ; UART_RX:u_rx|state.DATA_BITS                          ; clk          ; clk         ; 1.000        ; -0.077     ; 5.472      ;
; -4.548 ; UART_RX:u_rx|baudrate_gen:u_brg|counter[15] ; UART_RX:u_rx|state.IDLE                               ; clk          ; clk         ; 1.000        ; -0.077     ; 5.472      ;
; -4.547 ; UART_RX:u_rx|baudrate_gen:u_brg|counter[15] ; UART_RX:u_rx|state.DATA_BITS                          ; clk          ; clk         ; 1.000        ; -0.077     ; 5.471      ;
; -4.396 ; UART_RX:u_rx|baudrate_gen:u_brg|counter[30] ; UART_RX:u_rx|state.IDLE                               ; clk          ; clk         ; 1.000        ; -0.076     ; 5.321      ;
; -4.395 ; UART_RX:u_rx|baudrate_gen:u_brg|counter[30] ; UART_RX:u_rx|state.DATA_BITS                          ; clk          ; clk         ; 1.000        ; -0.076     ; 5.320      ;
; -4.395 ; UART_RX:u_rx|baudrate_gen:u_brg|counter[29] ; UART_RX:u_rx|state.IDLE                               ; clk          ; clk         ; 1.000        ; -0.076     ; 5.320      ;
; -4.394 ; UART_RX:u_rx|baudrate_gen:u_brg|counter[29] ; UART_RX:u_rx|state.DATA_BITS                          ; clk          ; clk         ; 1.000        ; -0.076     ; 5.319      ;
; -4.360 ; UART_RX:u_rx|baudrate_gen:u_brg|counter[12] ; UART_RX:u_rx|state.IDLE                               ; clk          ; clk         ; 1.000        ; -0.077     ; 5.284      ;
; -4.359 ; UART_RX:u_rx|baudrate_gen:u_brg|counter[12] ; UART_RX:u_rx|state.DATA_BITS                          ; clk          ; clk         ; 1.000        ; -0.077     ; 5.283      ;
; -4.334 ; UART_RX:u_rx|baudrate_gen:u_brg|counter[4]  ; UART_RX:u_rx|state.IDLE                               ; clk          ; clk         ; 1.000        ; -0.075     ; 5.260      ;
; -4.333 ; UART_RX:u_rx|baudrate_gen:u_brg|counter[4]  ; UART_RX:u_rx|state.DATA_BITS                          ; clk          ; clk         ; 1.000        ; -0.075     ; 5.259      ;
; -4.332 ; UART_RX:u_rx|baudrate_gen:u_brg|counter[5]  ; UART_RX:u_rx|state.IDLE                               ; clk          ; clk         ; 1.000        ; -0.075     ; 5.258      ;
; -4.331 ; UART_RX:u_rx|baudrate_gen:u_brg|counter[5]  ; UART_RX:u_rx|state.DATA_BITS                          ; clk          ; clk         ; 1.000        ; -0.075     ; 5.257      ;
; -4.326 ; UART_RX:u_rx|baudrate_gen:u_brg|counter[0]  ; UART_RX:u_rx|state.IDLE                               ; clk          ; clk         ; 1.000        ; -0.075     ; 5.252      ;
; -4.325 ; UART_RX:u_rx|baudrate_gen:u_brg|counter[0]  ; UART_RX:u_rx|state.DATA_BITS                          ; clk          ; clk         ; 1.000        ; -0.075     ; 5.251      ;
; -4.318 ; UART_RX:u_rx|baudrate_gen:u_brg|counter[1]  ; UART_RX:u_rx|state.IDLE                               ; clk          ; clk         ; 1.000        ; -0.075     ; 5.244      ;
; -4.317 ; UART_RX:u_rx|baudrate_gen:u_brg|counter[1]  ; UART_RX:u_rx|state.DATA_BITS                          ; clk          ; clk         ; 1.000        ; -0.075     ; 5.243      ;
; -4.212 ; UART_RX:u_rx|baudrate_gen:u_brg|counter[14] ; UART_RX:u_rx|state.IDLE                               ; clk          ; clk         ; 1.000        ; -0.077     ; 5.136      ;
; -4.211 ; UART_RX:u_rx|baudrate_gen:u_brg|counter[14] ; UART_RX:u_rx|state.DATA_BITS                          ; clk          ; clk         ; 1.000        ; -0.077     ; 5.135      ;
; -4.209 ; UART_RX:u_rx|baudrate_gen:u_brg|counter[28] ; UART_RX:u_rx|state.IDLE                               ; clk          ; clk         ; 1.000        ; -0.076     ; 5.134      ;
; -4.208 ; UART_RX:u_rx|baudrate_gen:u_brg|counter[28] ; UART_RX:u_rx|state.DATA_BITS                          ; clk          ; clk         ; 1.000        ; -0.076     ; 5.133      ;
; -4.203 ; UART_RX:u_rx|baudrate_gen:u_brg|counter[23] ; UART_RX:u_rx|state.IDLE                               ; clk          ; clk         ; 1.000        ; -0.080     ; 5.124      ;
; -4.202 ; UART_RX:u_rx|baudrate_gen:u_brg|counter[23] ; UART_RX:u_rx|state.DATA_BITS                          ; clk          ; clk         ; 1.000        ; -0.080     ; 5.123      ;
; -4.192 ; UART_RX:u_rx|baudrate_gen:u_brg|counter[22] ; UART_RX:u_rx|state.IDLE                               ; clk          ; clk         ; 1.000        ; -0.080     ; 5.113      ;
; -4.191 ; UART_RX:u_rx|baudrate_gen:u_brg|counter[22] ; UART_RX:u_rx|state.DATA_BITS                          ; clk          ; clk         ; 1.000        ; -0.080     ; 5.112      ;
; -4.190 ; UART_RX:u_rx|baudrate_gen:u_brg|counter[18] ; UART_RX:u_rx|state.IDLE                               ; clk          ; clk         ; 1.000        ; -0.080     ; 5.111      ;
; -4.189 ; UART_RX:u_rx|baudrate_gen:u_brg|counter[18] ; UART_RX:u_rx|state.DATA_BITS                          ; clk          ; clk         ; 1.000        ; -0.080     ; 5.110      ;
; -4.185 ; UART_RX:u_rx|baudrate_gen:u_brg|counter[17] ; UART_RX:u_rx|state.IDLE                               ; clk          ; clk         ; 1.000        ; -0.080     ; 5.106      ;
; -4.184 ; UART_RX:u_rx|baudrate_gen:u_brg|counter[17] ; UART_RX:u_rx|state.DATA_BITS                          ; clk          ; clk         ; 1.000        ; -0.080     ; 5.105      ;
; -4.145 ; UART_RX:u_rx|baudrate_gen:u_brg|counter[0]  ; UART_RX:u_rx|baudrate_gen:u_brg|counter[31]           ; clk          ; clk         ; 1.000        ; -0.079     ; 5.067      ;
; -4.143 ; UART_TX:u_tx|baudrate_gen:u_brg|counter[6]  ; UART_TX:u_tx|count[2]                                 ; clk          ; clk         ; 1.000        ; -0.079     ; 5.065      ;
; -4.143 ; UART_TX:u_tx|baudrate_gen:u_brg|counter[6]  ; UART_TX:u_tx|count[1]                                 ; clk          ; clk         ; 1.000        ; -0.079     ; 5.065      ;
; -4.143 ; UART_TX:u_tx|baudrate_gen:u_brg|counter[6]  ; UART_TX:u_tx|count[0]                                 ; clk          ; clk         ; 1.000        ; -0.079     ; 5.065      ;
; -4.122 ; UART_TX:u_tx|baudrate_gen:u_brg|counter[5]  ; UART_TX:u_tx|count[2]                                 ; clk          ; clk         ; 1.000        ; -0.079     ; 5.044      ;
; -4.122 ; UART_TX:u_tx|baudrate_gen:u_brg|counter[5]  ; UART_TX:u_tx|count[1]                                 ; clk          ; clk         ; 1.000        ; -0.079     ; 5.044      ;
; -4.122 ; UART_TX:u_tx|baudrate_gen:u_brg|counter[5]  ; UART_TX:u_tx|count[0]                                 ; clk          ; clk         ; 1.000        ; -0.079     ; 5.044      ;
; -4.119 ; UART_RX:u_rx|baudrate_gen:u_brg|counter[2]  ; UART_RX:u_rx|state.IDLE                               ; clk          ; clk         ; 1.000        ; -0.075     ; 5.045      ;
; -4.118 ; UART_RX:u_rx|baudrate_gen:u_brg|counter[7]  ; UART_RX:u_rx|state.IDLE                               ; clk          ; clk         ; 1.000        ; -0.075     ; 5.044      ;
; -4.118 ; UART_RX:u_rx|baudrate_gen:u_brg|counter[2]  ; UART_RX:u_rx|state.DATA_BITS                          ; clk          ; clk         ; 1.000        ; -0.075     ; 5.044      ;
; -4.117 ; UART_RX:u_rx|baudrate_gen:u_brg|counter[7]  ; UART_RX:u_rx|state.DATA_BITS                          ; clk          ; clk         ; 1.000        ; -0.075     ; 5.043      ;
; -4.094 ; UART_TX:u_tx|baudrate_gen:u_brg|counter[25] ; UART_TX:u_tx|count[2]                                 ; clk          ; clk         ; 1.000        ; -0.078     ; 5.017      ;
; -4.094 ; UART_TX:u_tx|baudrate_gen:u_brg|counter[25] ; UART_TX:u_tx|count[1]                                 ; clk          ; clk         ; 1.000        ; -0.078     ; 5.017      ;
; -4.094 ; UART_TX:u_tx|baudrate_gen:u_brg|counter[25] ; UART_TX:u_tx|count[0]                                 ; clk          ; clk         ; 1.000        ; -0.078     ; 5.017      ;
; -4.066 ; UART_TX:u_tx|baudrate_gen:u_brg|counter[22] ; UART_TX:u_tx|count[2]                                 ; clk          ; clk         ; 1.000        ; -0.078     ; 4.989      ;
; -4.066 ; UART_TX:u_tx|baudrate_gen:u_brg|counter[22] ; UART_TX:u_tx|count[1]                                 ; clk          ; clk         ; 1.000        ; -0.078     ; 4.989      ;
; -4.066 ; UART_TX:u_tx|baudrate_gen:u_brg|counter[22] ; UART_TX:u_tx|count[0]                                 ; clk          ; clk         ; 1.000        ; -0.078     ; 4.989      ;
; -4.061 ; UART_RX:u_rx|baudrate_gen:u_brg|counter[31] ; UART_RX:u_rx|state.IDLE                               ; clk          ; clk         ; 1.000        ; -0.076     ; 4.986      ;
; -4.060 ; UART_RX:u_rx|baudrate_gen:u_brg|counter[31] ; UART_RX:u_rx|state.DATA_BITS                          ; clk          ; clk         ; 1.000        ; -0.076     ; 4.985      ;
; -4.060 ; UART_TX:u_tx|baudrate_gen:u_brg|counter[28] ; UART_TX:u_tx|count[2]                                 ; clk          ; clk         ; 1.000        ; -0.078     ; 4.983      ;
; -4.060 ; UART_TX:u_tx|baudrate_gen:u_brg|counter[28] ; UART_TX:u_tx|count[1]                                 ; clk          ; clk         ; 1.000        ; -0.078     ; 4.983      ;
; -4.060 ; UART_TX:u_tx|baudrate_gen:u_brg|counter[28] ; UART_TX:u_tx|count[0]                                 ; clk          ; clk         ; 1.000        ; -0.078     ; 4.983      ;
; -4.048 ; UART_RX:u_rx|baudrate_gen:u_brg|counter[13] ; UART_RX:u_rx|serial_to_parallel:u_s2p|q[0]            ; clk          ; clk         ; 1.000        ; -0.076     ; 4.973      ;
; -4.048 ; UART_RX:u_rx|baudrate_gen:u_brg|counter[13] ; UART_RX:u_rx|serial_to_parallel:u_s2p|q[1]            ; clk          ; clk         ; 1.000        ; -0.076     ; 4.973      ;
; -4.048 ; UART_RX:u_rx|baudrate_gen:u_brg|counter[13] ; UART_RX:u_rx|serial_to_parallel:u_s2p|q[2]            ; clk          ; clk         ; 1.000        ; -0.076     ; 4.973      ;
; -4.048 ; UART_RX:u_rx|baudrate_gen:u_brg|counter[13] ; UART_RX:u_rx|serial_to_parallel:u_s2p|q[3]            ; clk          ; clk         ; 1.000        ; -0.076     ; 4.973      ;
; -4.048 ; UART_RX:u_rx|baudrate_gen:u_brg|counter[13] ; UART_RX:u_rx|serial_to_parallel:u_s2p|q[4]            ; clk          ; clk         ; 1.000        ; -0.076     ; 4.973      ;
; -4.048 ; UART_RX:u_rx|baudrate_gen:u_brg|counter[13] ; UART_RX:u_rx|serial_to_parallel:u_s2p|q[5]            ; clk          ; clk         ; 1.000        ; -0.076     ; 4.973      ;
; -4.048 ; UART_RX:u_rx|baudrate_gen:u_brg|counter[13] ; UART_RX:u_rx|serial_to_parallel:u_s2p|q[6]            ; clk          ; clk         ; 1.000        ; -0.076     ; 4.973      ;
; -4.048 ; UART_RX:u_rx|baudrate_gen:u_brg|counter[13] ; UART_RX:u_rx|serial_to_parallel:u_s2p|q[7]            ; clk          ; clk         ; 1.000        ; -0.076     ; 4.973      ;
; -4.045 ; UART_RX:u_rx|baudrate_gen:u_brg|counter[1]  ; UART_RX:u_rx|baudrate_gen:u_brg|counter[28]           ; clk          ; clk         ; 1.000        ; -0.079     ; 4.967      ;
; -4.043 ; UART_TX:u_tx|baudrate_gen:u_brg|counter[4]  ; UART_TX:u_tx|count[2]                                 ; clk          ; clk         ; 1.000        ; -0.079     ; 4.965      ;
; -4.043 ; UART_TX:u_tx|baudrate_gen:u_brg|counter[4]  ; UART_TX:u_tx|count[1]                                 ; clk          ; clk         ; 1.000        ; -0.079     ; 4.965      ;
; -4.043 ; UART_TX:u_tx|baudrate_gen:u_brg|counter[4]  ; UART_TX:u_tx|count[0]                                 ; clk          ; clk         ; 1.000        ; -0.079     ; 4.965      ;
; -4.038 ; UART_RX:u_rx|baudrate_gen:u_brg|counter[15] ; UART_RX:u_rx|serial_to_parallel:u_s2p|q[0]            ; clk          ; clk         ; 1.000        ; -0.076     ; 4.963      ;
; -4.038 ; UART_RX:u_rx|baudrate_gen:u_brg|counter[15] ; UART_RX:u_rx|serial_to_parallel:u_s2p|q[1]            ; clk          ; clk         ; 1.000        ; -0.076     ; 4.963      ;
; -4.038 ; UART_RX:u_rx|baudrate_gen:u_brg|counter[15] ; UART_RX:u_rx|serial_to_parallel:u_s2p|q[2]            ; clk          ; clk         ; 1.000        ; -0.076     ; 4.963      ;
; -4.038 ; UART_RX:u_rx|baudrate_gen:u_brg|counter[15] ; UART_RX:u_rx|serial_to_parallel:u_s2p|q[3]            ; clk          ; clk         ; 1.000        ; -0.076     ; 4.963      ;
; -4.038 ; UART_RX:u_rx|baudrate_gen:u_brg|counter[15] ; UART_RX:u_rx|serial_to_parallel:u_s2p|q[4]            ; clk          ; clk         ; 1.000        ; -0.076     ; 4.963      ;
; -4.038 ; UART_RX:u_rx|baudrate_gen:u_brg|counter[15] ; UART_RX:u_rx|serial_to_parallel:u_s2p|q[5]            ; clk          ; clk         ; 1.000        ; -0.076     ; 4.963      ;
; -4.038 ; UART_RX:u_rx|baudrate_gen:u_brg|counter[15] ; UART_RX:u_rx|serial_to_parallel:u_s2p|q[6]            ; clk          ; clk         ; 1.000        ; -0.076     ; 4.963      ;
; -4.038 ; UART_RX:u_rx|baudrate_gen:u_brg|counter[15] ; UART_RX:u_rx|serial_to_parallel:u_s2p|q[7]            ; clk          ; clk         ; 1.000        ; -0.076     ; 4.963      ;
; -4.023 ; UART_TX:u_tx|baudrate_gen:u_brg|counter[6]  ; UART_TX:u_tx|parallel_to_serial:u_p2s|data_in_load[0] ; clk          ; clk         ; 1.000        ; -0.075     ; 4.949      ;
; -4.023 ; UART_TX:u_tx|baudrate_gen:u_brg|counter[6]  ; UART_TX:u_tx|parallel_to_serial:u_p2s|data_in_load[1] ; clk          ; clk         ; 1.000        ; -0.075     ; 4.949      ;
; -4.023 ; UART_TX:u_tx|baudrate_gen:u_brg|counter[6]  ; UART_TX:u_tx|parallel_to_serial:u_p2s|data_in_load[2] ; clk          ; clk         ; 1.000        ; -0.075     ; 4.949      ;
; -4.023 ; UART_TX:u_tx|baudrate_gen:u_brg|counter[6]  ; UART_TX:u_tx|parallel_to_serial:u_p2s|data_in_load[3] ; clk          ; clk         ; 1.000        ; -0.075     ; 4.949      ;
; -4.023 ; UART_TX:u_tx|baudrate_gen:u_brg|counter[6]  ; UART_TX:u_tx|parallel_to_serial:u_p2s|data_in_load[4] ; clk          ; clk         ; 1.000        ; -0.075     ; 4.949      ;
; -4.023 ; UART_TX:u_tx|baudrate_gen:u_brg|counter[6]  ; UART_TX:u_tx|parallel_to_serial:u_p2s|data_in_load[5] ; clk          ; clk         ; 1.000        ; -0.075     ; 4.949      ;
; -4.023 ; UART_TX:u_tx|baudrate_gen:u_brg|counter[6]  ; UART_TX:u_tx|parallel_to_serial:u_p2s|data_in_load[6] ; clk          ; clk         ; 1.000        ; -0.075     ; 4.949      ;
; -4.019 ; UART_TX:u_tx|baudrate_gen:u_brg|counter[1]  ; UART_TX:u_tx|count[2]                                 ; clk          ; clk         ; 1.000        ; -0.079     ; 4.941      ;
; -4.019 ; UART_TX:u_tx|baudrate_gen:u_brg|counter[1]  ; UART_TX:u_tx|count[1]                                 ; clk          ; clk         ; 1.000        ; -0.079     ; 4.941      ;
; -4.019 ; UART_TX:u_tx|baudrate_gen:u_brg|counter[1]  ; UART_TX:u_tx|count[0]                                 ; clk          ; clk         ; 1.000        ; -0.079     ; 4.941      ;
; -4.016 ; UART_RX:u_rx|baudrate_gen:u_brg|counter[21] ; UART_RX:u_rx|state.IDLE                               ; clk          ; clk         ; 1.000        ; -0.080     ; 4.937      ;
; -4.015 ; UART_RX:u_rx|baudrate_gen:u_brg|counter[21] ; UART_RX:u_rx|state.DATA_BITS                          ; clk          ; clk         ; 1.000        ; -0.080     ; 4.936      ;
; -4.011 ; UART_RX:u_rx|baudrate_gen:u_brg|counter[1]  ; UART_RX:u_rx|baudrate_gen:u_brg|counter[31]           ; clk          ; clk         ; 1.000        ; -0.079     ; 4.933      ;
; -4.008 ; UART_RX:u_rx|baudrate_gen:u_brg|counter[19] ; UART_RX:u_rx|state.IDLE                               ; clk          ; clk         ; 1.000        ; -0.080     ; 4.929      ;
; -4.007 ; UART_RX:u_rx|baudrate_gen:u_brg|counter[19] ; UART_RX:u_rx|state.DATA_BITS                          ; clk          ; clk         ; 1.000        ; -0.080     ; 4.928      ;
; -3.999 ; UART_RX:u_rx|baudrate_gen:u_brg|counter[2]  ; UART_RX:u_rx|baudrate_gen:u_brg|counter[31]           ; clk          ; clk         ; 1.000        ; -0.079     ; 4.921      ;
; -3.996 ; UART_TX:u_tx|baudrate_gen:u_brg|counter[25] ; UART_TX:u_tx|parallel_to_serial:u_p2s|data_in_load[0] ; clk          ; clk         ; 1.000        ; -0.074     ; 4.923      ;
; -3.996 ; UART_TX:u_tx|baudrate_gen:u_brg|counter[25] ; UART_TX:u_tx|parallel_to_serial:u_p2s|data_in_load[1] ; clk          ; clk         ; 1.000        ; -0.074     ; 4.923      ;
; -3.996 ; UART_TX:u_tx|baudrate_gen:u_brg|counter[25] ; UART_TX:u_tx|parallel_to_serial:u_p2s|data_in_load[2] ; clk          ; clk         ; 1.000        ; -0.074     ; 4.923      ;
; -3.996 ; UART_TX:u_tx|baudrate_gen:u_brg|counter[25] ; UART_TX:u_tx|parallel_to_serial:u_p2s|data_in_load[3] ; clk          ; clk         ; 1.000        ; -0.074     ; 4.923      ;
; -3.996 ; UART_TX:u_tx|baudrate_gen:u_brg|counter[25] ; UART_TX:u_tx|parallel_to_serial:u_p2s|data_in_load[4] ; clk          ; clk         ; 1.000        ; -0.074     ; 4.923      ;
; -3.996 ; UART_TX:u_tx|baudrate_gen:u_brg|counter[25] ; UART_TX:u_tx|parallel_to_serial:u_p2s|data_in_load[5] ; clk          ; clk         ; 1.000        ; -0.074     ; 4.923      ;
; -3.996 ; UART_TX:u_tx|baudrate_gen:u_brg|counter[25] ; UART_TX:u_tx|parallel_to_serial:u_p2s|data_in_load[6] ; clk          ; clk         ; 1.000        ; -0.074     ; 4.923      ;
; -3.988 ; UART_RX:u_rx|baudrate_gen:u_brg|counter[8]  ; UART_RX:u_rx|state.IDLE                               ; clk          ; clk         ; 1.000        ; -0.075     ; 4.914      ;
; -3.988 ; UART_TX:u_tx|baudrate_gen:u_brg|counter[12] ; UART_TX:u_tx|count[2]                                 ; clk          ; clk         ; 1.000        ; -0.079     ; 4.910      ;
; -3.988 ; UART_TX:u_tx|baudrate_gen:u_brg|counter[12] ; UART_TX:u_tx|count[1]                                 ; clk          ; clk         ; 1.000        ; -0.079     ; 4.910      ;
; -3.988 ; UART_TX:u_tx|baudrate_gen:u_brg|counter[12] ; UART_TX:u_tx|count[0]                                 ; clk          ; clk         ; 1.000        ; -0.079     ; 4.910      ;
; -3.987 ; UART_RX:u_rx|baudrate_gen:u_brg|counter[8]  ; UART_RX:u_rx|state.DATA_BITS                          ; clk          ; clk         ; 1.000        ; -0.075     ; 4.913      ;
+--------+---------------------------------------------+-------------------------------------------------------+--------------+-------------+--------------+------------+------------+


+---------------------------------------------------------------------------------------------------------------------------------------------------------------------------------------------+
; Slow 1200mV 85C Model Hold: 'clk'                                                                                                                                                           ;
+-------+-------------------------------------------------------+-------------------------------------------------------+--------------+-------------+--------------+------------+------------+
; Slack ; From Node                                             ; To Node                                               ; Launch Clock ; Latch Clock ; Relationship ; Clock Skew ; Data Delay ;
+-------+-------------------------------------------------------+-------------------------------------------------------+--------------+-------------+--------------+------------+------------+
; 0.453 ; UART_RX:u_rx|state.WAIT_START_BIT                     ; UART_RX:u_rx|state.WAIT_START_BIT                     ; clk          ; clk         ; 0.000        ; 0.081      ; 0.746      ;
; 0.453 ; UART_RX:u_rx|state.STOP_BIT                           ; UART_RX:u_rx|state.STOP_BIT                           ; clk          ; clk         ; 0.000        ; 0.081      ; 0.746      ;
; 0.453 ; UART_RX:u_rx|state.START_BIT                          ; UART_RX:u_rx|state.START_BIT                          ; clk          ; clk         ; 0.000        ; 0.081      ; 0.746      ;
; 0.453 ; UART_RX:u_rx|state.IDLE                               ; UART_RX:u_rx|state.IDLE                               ; clk          ; clk         ; 0.000        ; 0.081      ; 0.746      ;
; 0.453 ; UART_RX:u_rx|state.DATA_BITS                          ; UART_RX:u_rx|state.DATA_BITS                          ; clk          ; clk         ; 0.000        ; 0.081      ; 0.746      ;
; 0.454 ; UART_TX:u_tx|state.START_BIT                          ; UART_TX:u_tx|state.START_BIT                          ; clk          ; clk         ; 0.000        ; 0.080      ; 0.746      ;
; 0.454 ; UART_TX:u_tx|state.STOP_BIT                           ; UART_TX:u_tx|state.STOP_BIT                           ; clk          ; clk         ; 0.000        ; 0.080      ; 0.746      ;
; 0.454 ; UART_TX:u_tx|state.IDLE                               ; UART_TX:u_tx|state.IDLE                               ; clk          ; clk         ; 0.000        ; 0.080      ; 0.746      ;
; 0.454 ; UART_TX:u_tx|count[2]                                 ; UART_TX:u_tx|count[2]                                 ; clk          ; clk         ; 0.000        ; 0.080      ; 0.746      ;
; 0.454 ; UART_TX:u_tx|count[1]                                 ; UART_TX:u_tx|count[1]                                 ; clk          ; clk         ; 0.000        ; 0.080      ; 0.746      ;
; 0.454 ; UART_RX:u_rx|count[2]                                 ; UART_RX:u_rx|count[2]                                 ; clk          ; clk         ; 0.000        ; 0.080      ; 0.746      ;
; 0.454 ; UART_RX:u_rx|count[1]                                 ; UART_RX:u_rx|count[1]                                 ; clk          ; clk         ; 0.000        ; 0.080      ; 0.746      ;
; 0.466 ; UART_TX:u_tx|count[0]                                 ; UART_TX:u_tx|count[0]                                 ; clk          ; clk         ; 0.000        ; 0.080      ; 0.758      ;
; 0.466 ; UART_RX:u_rx|count[0]                                 ; UART_RX:u_rx|count[0]                                 ; clk          ; clk         ; 0.000        ; 0.080      ; 0.758      ;
; 0.493 ; UART_TX:u_tx|count[1]                                 ; UART_TX:u_tx|count[2]                                 ; clk          ; clk         ; 0.000        ; 0.080      ; 0.785      ;
; 0.502 ; UART_RX:u_rx|count[0]                                 ; UART_RX:u_rx|count[2]                                 ; clk          ; clk         ; 0.000        ; 0.080      ; 0.794      ;
; 0.503 ; UART_RX:u_rx|count[0]                                 ; UART_RX:u_rx|count[1]                                 ; clk          ; clk         ; 0.000        ; 0.080      ; 0.795      ;
; 0.525 ; UART_RX:u_rx|serial_to_parallel:u_s2p|q[2]            ; UART_RX:u_rx|serial_to_parallel:u_s2p|q[1]            ; clk          ; clk         ; 0.000        ; 0.081      ; 0.818      ;
; 0.526 ; UART_RX:u_rx|serial_to_parallel:u_s2p|q[1]            ; UART_RX:u_rx|serial_to_parallel:u_s2p|q[0]            ; clk          ; clk         ; 0.000        ; 0.081      ; 0.819      ;
; 0.526 ; UART_RX:u_rx|serial_to_parallel:u_s2p|q[4]            ; UART_RX:u_rx|serial_to_parallel:u_s2p|q[3]            ; clk          ; clk         ; 0.000        ; 0.081      ; 0.819      ;
; 0.527 ; UART_RX:u_rx|serial_to_parallel:u_s2p|q[6]            ; UART_RX:u_rx|serial_to_parallel:u_s2p|q[5]            ; clk          ; clk         ; 0.000        ; 0.081      ; 0.820      ;
; 0.527 ; UART_RX:u_rx|serial_to_parallel:u_s2p|q[7]            ; UART_RX:u_rx|serial_to_parallel:u_s2p|q[6]            ; clk          ; clk         ; 0.000        ; 0.081      ; 0.820      ;
; 0.528 ; UART_RX:u_rx|serial_to_parallel:u_s2p|q[3]            ; UART_RX:u_rx|serial_to_parallel:u_s2p|q[2]            ; clk          ; clk         ; 0.000        ; 0.081      ; 0.821      ;
; 0.529 ; UART_RX:u_rx|serial_to_parallel:u_s2p|q[5]            ; UART_RX:u_rx|serial_to_parallel:u_s2p|q[4]            ; clk          ; clk         ; 0.000        ; 0.081      ; 0.822      ;
; 0.644 ; UART_TX:u_tx|parallel_to_serial:u_p2s|data_in_load[1] ; UART_TX:u_tx|parallel_to_serial:u_p2s|data_in_load[0] ; clk          ; clk         ; 0.000        ; 0.080      ; 0.936      ;
; 0.743 ; UART_TX:u_tx|parallel_to_serial:u_p2s|data_in_load[5] ; UART_TX:u_tx|parallel_to_serial:u_p2s|data_in_load[4] ; clk          ; clk         ; 0.000        ; 0.080      ; 1.035      ;
; 0.743 ; UART_TX:u_tx|parallel_to_serial:u_p2s|data_in_load[6] ; UART_TX:u_tx|parallel_to_serial:u_p2s|data_in_load[5] ; clk          ; clk         ; 0.000        ; 0.080      ; 1.035      ;
; 0.744 ; UART_TX:u_tx|parallel_to_serial:u_p2s|data_in_load[3] ; UART_TX:u_tx|parallel_to_serial:u_p2s|data_in_load[2] ; clk          ; clk         ; 0.000        ; 0.080      ; 1.036      ;
; 0.744 ; UART_TX:u_tx|parallel_to_serial:u_p2s|data_in_load[4] ; UART_TX:u_tx|parallel_to_serial:u_p2s|data_in_load[3] ; clk          ; clk         ; 0.000        ; 0.080      ; 1.036      ;
; 0.746 ; UART_TX:u_tx|parallel_to_serial:u_p2s|data_in_load[2] ; UART_TX:u_tx|parallel_to_serial:u_p2s|data_in_load[1] ; clk          ; clk         ; 0.000        ; 0.080      ; 1.038      ;
; 0.748 ; UART_RX:u_rx|count[1]                                 ; UART_RX:u_rx|count[2]                                 ; clk          ; clk         ; 0.000        ; 0.080      ; 1.040      ;
; 0.757 ; UART_TX:u_tx|count[0]                                 ; UART_TX:u_tx|count[2]                                 ; clk          ; clk         ; 0.000        ; 0.080      ; 1.049      ;
; 0.757 ; UART_TX:u_tx|count[0]                                 ; UART_TX:u_tx|count[1]                                 ; clk          ; clk         ; 0.000        ; 0.080      ; 1.049      ;
; 0.761 ; UART_TX:u_tx|baudrate_gen:u_brg|counter[3]            ; UART_TX:u_tx|baudrate_gen:u_brg|counter[3]            ; clk          ; clk         ; 0.000        ; 0.080      ; 1.053      ;
; 0.761 ; UART_TX:u_tx|baudrate_gen:u_brg|counter[15]           ; UART_TX:u_tx|baudrate_gen:u_brg|counter[15]           ; clk          ; clk         ; 0.000        ; 0.080      ; 1.053      ;
; 0.762 ; UART_TX:u_tx|baudrate_gen:u_brg|counter[1]            ; UART_TX:u_tx|baudrate_gen:u_brg|counter[1]            ; clk          ; clk         ; 0.000        ; 0.080      ; 1.054      ;
; 0.762 ; UART_TX:u_tx|baudrate_gen:u_brg|counter[5]            ; UART_TX:u_tx|baudrate_gen:u_brg|counter[5]            ; clk          ; clk         ; 0.000        ; 0.080      ; 1.054      ;
; 0.762 ; UART_TX:u_tx|baudrate_gen:u_brg|counter[11]           ; UART_TX:u_tx|baudrate_gen:u_brg|counter[11]           ; clk          ; clk         ; 0.000        ; 0.080      ; 1.054      ;
; 0.762 ; UART_TX:u_tx|baudrate_gen:u_brg|counter[13]           ; UART_TX:u_tx|baudrate_gen:u_brg|counter[13]           ; clk          ; clk         ; 0.000        ; 0.080      ; 1.054      ;
; 0.763 ; UART_TX:u_tx|baudrate_gen:u_brg|counter[17]           ; UART_TX:u_tx|baudrate_gen:u_brg|counter[17]           ; clk          ; clk         ; 0.000        ; 0.080      ; 1.055      ;
; 0.763 ; UART_TX:u_tx|baudrate_gen:u_brg|counter[21]           ; UART_TX:u_tx|baudrate_gen:u_brg|counter[21]           ; clk          ; clk         ; 0.000        ; 0.080      ; 1.055      ;
; 0.763 ; UART_TX:u_tx|baudrate_gen:u_brg|counter[27]           ; UART_TX:u_tx|baudrate_gen:u_brg|counter[27]           ; clk          ; clk         ; 0.000        ; 0.080      ; 1.055      ;
; 0.763 ; UART_TX:u_tx|baudrate_gen:u_brg|counter[29]           ; UART_TX:u_tx|baudrate_gen:u_brg|counter[29]           ; clk          ; clk         ; 0.000        ; 0.080      ; 1.055      ;
; 0.764 ; UART_TX:u_tx|baudrate_gen:u_brg|counter[31]           ; UART_TX:u_tx|baudrate_gen:u_brg|counter[31]           ; clk          ; clk         ; 0.000        ; 0.080      ; 1.056      ;
; 0.764 ; UART_TX:u_tx|baudrate_gen:u_brg|counter[2]            ; UART_TX:u_tx|baudrate_gen:u_brg|counter[2]            ; clk          ; clk         ; 0.000        ; 0.080      ; 1.056      ;
; 0.764 ; UART_TX:u_tx|baudrate_gen:u_brg|counter[6]            ; UART_TX:u_tx|baudrate_gen:u_brg|counter[6]            ; clk          ; clk         ; 0.000        ; 0.080      ; 1.056      ;
; 0.764 ; UART_TX:u_tx|baudrate_gen:u_brg|counter[7]            ; UART_TX:u_tx|baudrate_gen:u_brg|counter[7]            ; clk          ; clk         ; 0.000        ; 0.080      ; 1.056      ;
; 0.764 ; UART_TX:u_tx|baudrate_gen:u_brg|counter[9]            ; UART_TX:u_tx|baudrate_gen:u_brg|counter[9]            ; clk          ; clk         ; 0.000        ; 0.080      ; 1.056      ;
; 0.764 ; UART_TX:u_tx|baudrate_gen:u_brg|counter[16]           ; UART_TX:u_tx|baudrate_gen:u_brg|counter[16]           ; clk          ; clk         ; 0.000        ; 0.080      ; 1.056      ;
; 0.765 ; UART_TX:u_tx|baudrate_gen:u_brg|counter[4]            ; UART_TX:u_tx|baudrate_gen:u_brg|counter[4]            ; clk          ; clk         ; 0.000        ; 0.080      ; 1.057      ;
; 0.765 ; UART_TX:u_tx|baudrate_gen:u_brg|counter[12]           ; UART_TX:u_tx|baudrate_gen:u_brg|counter[12]           ; clk          ; clk         ; 0.000        ; 0.080      ; 1.057      ;
; 0.765 ; UART_TX:u_tx|baudrate_gen:u_brg|counter[14]           ; UART_TX:u_tx|baudrate_gen:u_brg|counter[14]           ; clk          ; clk         ; 0.000        ; 0.080      ; 1.057      ;
; 0.765 ; UART_TX:u_tx|baudrate_gen:u_brg|counter[18]           ; UART_TX:u_tx|baudrate_gen:u_brg|counter[18]           ; clk          ; clk         ; 0.000        ; 0.080      ; 1.057      ;
; 0.765 ; UART_TX:u_tx|baudrate_gen:u_brg|counter[22]           ; UART_TX:u_tx|baudrate_gen:u_brg|counter[22]           ; clk          ; clk         ; 0.000        ; 0.080      ; 1.057      ;
; 0.765 ; UART_TX:u_tx|baudrate_gen:u_brg|counter[23]           ; UART_TX:u_tx|baudrate_gen:u_brg|counter[23]           ; clk          ; clk         ; 0.000        ; 0.080      ; 1.057      ;
; 0.765 ; UART_TX:u_tx|baudrate_gen:u_brg|counter[25]           ; UART_TX:u_tx|baudrate_gen:u_brg|counter[25]           ; clk          ; clk         ; 0.000        ; 0.080      ; 1.057      ;
; 0.766 ; UART_TX:u_tx|baudrate_gen:u_brg|counter[20]           ; UART_TX:u_tx|baudrate_gen:u_brg|counter[20]           ; clk          ; clk         ; 0.000        ; 0.080      ; 1.058      ;
; 0.766 ; UART_TX:u_tx|baudrate_gen:u_brg|counter[8]            ; UART_TX:u_tx|baudrate_gen:u_brg|counter[8]            ; clk          ; clk         ; 0.000        ; 0.080      ; 1.058      ;
; 0.766 ; UART_TX:u_tx|baudrate_gen:u_brg|counter[10]           ; UART_TX:u_tx|baudrate_gen:u_brg|counter[10]           ; clk          ; clk         ; 0.000        ; 0.080      ; 1.058      ;
; 0.766 ; UART_TX:u_tx|baudrate_gen:u_brg|counter[30]           ; UART_TX:u_tx|baudrate_gen:u_brg|counter[30]           ; clk          ; clk         ; 0.000        ; 0.080      ; 1.058      ;
; 0.767 ; UART_TX:u_tx|parallel_to_serial:u_p2s|data_in_load[0] ; UART_TX:u_tx|data_out_r                               ; clk          ; clk         ; 0.000        ; 0.080      ; 1.059      ;
; 0.767 ; UART_TX:u_tx|baudrate_gen:u_brg|counter[24]           ; UART_TX:u_tx|baudrate_gen:u_brg|counter[24]           ; clk          ; clk         ; 0.000        ; 0.080      ; 1.059      ;
; 0.767 ; UART_TX:u_tx|baudrate_gen:u_brg|counter[26]           ; UART_TX:u_tx|baudrate_gen:u_brg|counter[26]           ; clk          ; clk         ; 0.000        ; 0.080      ; 1.059      ;
; 0.767 ; UART_TX:u_tx|baudrate_gen:u_brg|counter[28]           ; UART_TX:u_tx|baudrate_gen:u_brg|counter[28]           ; clk          ; clk         ; 0.000        ; 0.080      ; 1.059      ;
; 0.769 ; UART_TX:u_tx|parallel_to_serial:u_p2s|data_in_load[7] ; UART_TX:u_tx|parallel_to_serial:u_p2s|data_in_load[6] ; clk          ; clk         ; 0.000        ; 0.080      ; 1.061      ;
; 0.785 ; UART_TX:u_tx|state.STOP_BIT                           ; UART_TX:u_tx|data_out_r                               ; clk          ; clk         ; 0.000        ; 0.080      ; 1.077      ;
; 0.787 ; UART_TX:u_tx|baudrate_gen:u_brg|counter[0]            ; UART_TX:u_tx|baudrate_gen:u_brg|counter[0]            ; clk          ; clk         ; 0.000        ; 0.080      ; 1.079      ;
; 0.894 ; UART_RX:u_rx|data_in_meta                             ; UART_RX:u_rx|data_in_sync                             ; clk          ; clk         ; 0.000        ; 0.078      ; 1.184      ;
; 0.974 ; UART_RX:u_rx|data_in_sync                             ; UART_RX:u_rx|serial_to_parallel:u_s2p|q[7]            ; clk          ; clk         ; 0.000        ; 0.084      ; 1.270      ;
; 1.009 ; UART_TX:u_tx|state.DATA_BITS                          ; UART_TX:u_tx|count[0]                                 ; clk          ; clk         ; 0.000        ; 0.080      ; 1.301      ;
; 1.012 ; UART_TX:u_tx|state.DATA_BITS                          ; UART_TX:u_tx|count[1]                                 ; clk          ; clk         ; 0.000        ; 0.080      ; 1.304      ;
; 1.050 ; UART_RX:u_rx|state.IDLE                               ; UART_RX:u_rx|rx_busy_r                                ; clk          ; clk         ; 0.000        ; 0.078      ; 1.340      ;
; 1.113 ; UART_RX:u_rx|state.STOP_BIT                           ; UART_RX:u_rx|rx_valid_r                               ; clk          ; clk         ; 0.000        ; 0.078      ; 1.403      ;
; 1.116 ; UART_TX:u_tx|baudrate_gen:u_brg|counter[1]            ; UART_TX:u_tx|baudrate_gen:u_brg|counter[2]            ; clk          ; clk         ; 0.000        ; 0.080      ; 1.408      ;
; 1.116 ; UART_TX:u_tx|baudrate_gen:u_brg|counter[3]            ; UART_TX:u_tx|baudrate_gen:u_brg|counter[4]            ; clk          ; clk         ; 0.000        ; 0.080      ; 1.408      ;
; 1.117 ; UART_TX:u_tx|baudrate_gen:u_brg|counter[5]            ; UART_TX:u_tx|baudrate_gen:u_brg|counter[6]            ; clk          ; clk         ; 0.000        ; 0.080      ; 1.409      ;
; 1.117 ; UART_TX:u_tx|baudrate_gen:u_brg|counter[15]           ; UART_TX:u_tx|baudrate_gen:u_brg|counter[16]           ; clk          ; clk         ; 0.000        ; 0.079      ; 1.408      ;
; 1.117 ; UART_TX:u_tx|baudrate_gen:u_brg|counter[11]           ; UART_TX:u_tx|baudrate_gen:u_brg|counter[12]           ; clk          ; clk         ; 0.000        ; 0.080      ; 1.409      ;
; 1.117 ; UART_TX:u_tx|baudrate_gen:u_brg|counter[13]           ; UART_TX:u_tx|baudrate_gen:u_brg|counter[14]           ; clk          ; clk         ; 0.000        ; 0.080      ; 1.409      ;
; 1.117 ; UART_TX:u_tx|baudrate_gen:u_brg|counter[17]           ; UART_TX:u_tx|baudrate_gen:u_brg|counter[18]           ; clk          ; clk         ; 0.000        ; 0.080      ; 1.409      ;
; 1.118 ; UART_TX:u_tx|baudrate_gen:u_brg|counter[21]           ; UART_TX:u_tx|baudrate_gen:u_brg|counter[22]           ; clk          ; clk         ; 0.000        ; 0.080      ; 1.410      ;
; 1.118 ; UART_TX:u_tx|baudrate_gen:u_brg|counter[7]            ; UART_TX:u_tx|baudrate_gen:u_brg|counter[8]            ; clk          ; clk         ; 0.000        ; 0.080      ; 1.410      ;
; 1.118 ; UART_TX:u_tx|baudrate_gen:u_brg|counter[9]            ; UART_TX:u_tx|baudrate_gen:u_brg|counter[10]           ; clk          ; clk         ; 0.000        ; 0.080      ; 1.410      ;
; 1.118 ; UART_TX:u_tx|baudrate_gen:u_brg|counter[29]           ; UART_TX:u_tx|baudrate_gen:u_brg|counter[30]           ; clk          ; clk         ; 0.000        ; 0.080      ; 1.410      ;
; 1.118 ; UART_TX:u_tx|baudrate_gen:u_brg|counter[27]           ; UART_TX:u_tx|baudrate_gen:u_brg|counter[28]           ; clk          ; clk         ; 0.000        ; 0.080      ; 1.410      ;
; 1.119 ; UART_TX:u_tx|baudrate_gen:u_brg|counter[23]           ; UART_TX:u_tx|baudrate_gen:u_brg|counter[24]           ; clk          ; clk         ; 0.000        ; 0.080      ; 1.411      ;
; 1.119 ; UART_TX:u_tx|baudrate_gen:u_brg|counter[25]           ; UART_TX:u_tx|baudrate_gen:u_brg|counter[26]           ; clk          ; clk         ; 0.000        ; 0.080      ; 1.411      ;
; 1.125 ; UART_TX:u_tx|baudrate_gen:u_brg|counter[2]            ; UART_TX:u_tx|baudrate_gen:u_brg|counter[3]            ; clk          ; clk         ; 0.000        ; 0.080      ; 1.417      ;
; 1.125 ; UART_TX:u_tx|baudrate_gen:u_brg|counter[0]            ; UART_TX:u_tx|baudrate_gen:u_brg|counter[1]            ; clk          ; clk         ; 0.000        ; 0.080      ; 1.417      ;
; 1.125 ; UART_TX:u_tx|baudrate_gen:u_brg|counter[16]           ; UART_TX:u_tx|baudrate_gen:u_brg|counter[17]           ; clk          ; clk         ; 0.000        ; 0.080      ; 1.417      ;
; 1.125 ; UART_TX:u_tx|baudrate_gen:u_brg|counter[6]            ; UART_TX:u_tx|baudrate_gen:u_brg|counter[7]            ; clk          ; clk         ; 0.000        ; 0.080      ; 1.417      ;
; 1.126 ; UART_TX:u_tx|baudrate_gen:u_brg|counter[14]           ; UART_TX:u_tx|baudrate_gen:u_brg|counter[15]           ; clk          ; clk         ; 0.000        ; 0.080      ; 1.418      ;
; 1.126 ; UART_TX:u_tx|baudrate_gen:u_brg|counter[4]            ; UART_TX:u_tx|baudrate_gen:u_brg|counter[5]            ; clk          ; clk         ; 0.000        ; 0.080      ; 1.418      ;
; 1.126 ; UART_TX:u_tx|baudrate_gen:u_brg|counter[12]           ; UART_TX:u_tx|baudrate_gen:u_brg|counter[13]           ; clk          ; clk         ; 0.000        ; 0.080      ; 1.418      ;
; 1.126 ; UART_TX:u_tx|baudrate_gen:u_brg|counter[22]           ; UART_TX:u_tx|baudrate_gen:u_brg|counter[23]           ; clk          ; clk         ; 0.000        ; 0.080      ; 1.418      ;
; 1.127 ; UART_TX:u_tx|baudrate_gen:u_brg|counter[10]           ; UART_TX:u_tx|baudrate_gen:u_brg|counter[11]           ; clk          ; clk         ; 0.000        ; 0.080      ; 1.419      ;
; 1.127 ; UART_TX:u_tx|baudrate_gen:u_brg|counter[20]           ; UART_TX:u_tx|baudrate_gen:u_brg|counter[21]           ; clk          ; clk         ; 0.000        ; 0.080      ; 1.419      ;
; 1.127 ; UART_TX:u_tx|baudrate_gen:u_brg|counter[30]           ; UART_TX:u_tx|baudrate_gen:u_brg|counter[31]           ; clk          ; clk         ; 0.000        ; 0.080      ; 1.419      ;
; 1.127 ; UART_TX:u_tx|baudrate_gen:u_brg|counter[8]            ; UART_TX:u_tx|baudrate_gen:u_brg|counter[9]            ; clk          ; clk         ; 0.000        ; 0.080      ; 1.419      ;
; 1.128 ; UART_TX:u_tx|baudrate_gen:u_brg|counter[26]           ; UART_TX:u_tx|baudrate_gen:u_brg|counter[27]           ; clk          ; clk         ; 0.000        ; 0.080      ; 1.420      ;
+-------+-------------------------------------------------------+-------------------------------------------------------+--------------+-------------+--------------+------------+------------+


-----------------------------------------------
; Slow 1200mV 85C Model Metastability Summary ;
-----------------------------------------------
No synchronizer chains to report.


+--------------------------------------------------+
; Slow 1200mV 0C Model Fmax Summary                ;
+------------+-----------------+------------+------+
; Fmax       ; Restricted Fmax ; Clock Name ; Note ;
+------------+-----------------+------------+------+
; 193.65 MHz ; 193.65 MHz      ; clk        ;      ;
+------------+-----------------+------------+------+
This panel reports FMAX for every clock in the design, regardless of the user-specified clock periods.  FMAX is only computed for paths where the source and destination registers or ports are driven by the same clock.  Paths of different clocks, including generated clocks, are ignored.  For paths between a clock and its inversion, FMAX is computed as if the rising and falling edges are scaled along with FMAX, such that the duty cycle (in terms of a percentage) is maintained. Altera recommends that you always use clock constraints and other slack reports for sign-off analysis.


+------------------------------------+
; Slow 1200mV 0C Model Setup Summary ;
+-------+--------+-------------------+
; Clock ; Slack  ; End Point TNS     ;
+-------+--------+-------------------+
; clk   ; -4.164 ; -341.694          ;
+-------+--------+-------------------+


+-----------------------------------+
; Slow 1200mV 0C Model Hold Summary ;
+-------+-------+-------------------+
; Clock ; Slack ; End Point TNS     ;
+-------+-------+-------------------+
; clk   ; 0.402 ; 0.000             ;
+-------+-------+-------------------+


-----------------------------------------
; Slow 1200mV 0C Model Recovery Summary ;
-----------------------------------------
No paths to report.


----------------------------------------
; Slow 1200mV 0C Model Removal Summary ;
----------------------------------------
No paths to report.


+--------------------------------------------------+
; Slow 1200mV 0C Model Minimum Pulse Width Summary ;
+-------+--------+---------------------------------+
; Clock ; Slack  ; End Point TNS                   ;
+-------+--------+---------------------------------+
; clk   ; -3.000 ; -153.187                        ;
+-------+--------+---------------------------------+


+------------------------------------------------------------------------------------------------------------------------------------------------------------------------------------+
; Slow 1200mV 0C Model Setup: 'clk'                                                                                                                                                  ;
+--------+---------------------------------------------+-------------------------------------------------------+--------------+-------------+--------------+------------+------------+
; Slack  ; From Node                                   ; To Node                                               ; Launch Clock ; Latch Clock ; Relationship ; Clock Skew ; Data Delay ;
+--------+---------------------------------------------+-------------------------------------------------------+--------------+-------------+--------------+------------+------------+
; -4.164 ; UART_RX:u_rx|baudrate_gen:u_brg|counter[13] ; UART_RX:u_rx|state.IDLE                               ; clk          ; clk         ; 1.000        ; -0.070     ; 5.096      ;
; -4.164 ; UART_RX:u_rx|baudrate_gen:u_brg|counter[13] ; UART_RX:u_rx|state.DATA_BITS                          ; clk          ; clk         ; 1.000        ; -0.070     ; 5.096      ;
; -4.164 ; UART_RX:u_rx|baudrate_gen:u_brg|counter[15] ; UART_RX:u_rx|state.IDLE                               ; clk          ; clk         ; 1.000        ; -0.070     ; 5.096      ;
; -4.164 ; UART_RX:u_rx|baudrate_gen:u_brg|counter[15] ; UART_RX:u_rx|state.DATA_BITS                          ; clk          ; clk         ; 1.000        ; -0.070     ; 5.096      ;
; -4.017 ; UART_RX:u_rx|baudrate_gen:u_brg|counter[29] ; UART_RX:u_rx|state.IDLE                               ; clk          ; clk         ; 1.000        ; -0.070     ; 4.949      ;
; -4.017 ; UART_RX:u_rx|baudrate_gen:u_brg|counter[29] ; UART_RX:u_rx|state.DATA_BITS                          ; clk          ; clk         ; 1.000        ; -0.070     ; 4.949      ;
; -4.016 ; UART_RX:u_rx|baudrate_gen:u_brg|counter[30] ; UART_RX:u_rx|state.IDLE                               ; clk          ; clk         ; 1.000        ; -0.070     ; 4.948      ;
; -4.016 ; UART_RX:u_rx|baudrate_gen:u_brg|counter[30] ; UART_RX:u_rx|state.DATA_BITS                          ; clk          ; clk         ; 1.000        ; -0.070     ; 4.948      ;
; -3.988 ; UART_RX:u_rx|baudrate_gen:u_brg|counter[12] ; UART_RX:u_rx|state.IDLE                               ; clk          ; clk         ; 1.000        ; -0.070     ; 4.920      ;
; -3.988 ; UART_RX:u_rx|baudrate_gen:u_brg|counter[12] ; UART_RX:u_rx|state.DATA_BITS                          ; clk          ; clk         ; 1.000        ; -0.070     ; 4.920      ;
; -3.897 ; UART_RX:u_rx|baudrate_gen:u_brg|counter[4]  ; UART_RX:u_rx|state.IDLE                               ; clk          ; clk         ; 1.000        ; -0.068     ; 4.831      ;
; -3.897 ; UART_RX:u_rx|baudrate_gen:u_brg|counter[4]  ; UART_RX:u_rx|state.DATA_BITS                          ; clk          ; clk         ; 1.000        ; -0.068     ; 4.831      ;
; -3.895 ; UART_RX:u_rx|baudrate_gen:u_brg|counter[5]  ; UART_RX:u_rx|state.IDLE                               ; clk          ; clk         ; 1.000        ; -0.068     ; 4.829      ;
; -3.895 ; UART_RX:u_rx|baudrate_gen:u_brg|counter[5]  ; UART_RX:u_rx|state.DATA_BITS                          ; clk          ; clk         ; 1.000        ; -0.068     ; 4.829      ;
; -3.885 ; UART_RX:u_rx|baudrate_gen:u_brg|counter[0]  ; UART_RX:u_rx|state.IDLE                               ; clk          ; clk         ; 1.000        ; -0.068     ; 4.819      ;
; -3.885 ; UART_RX:u_rx|baudrate_gen:u_brg|counter[0]  ; UART_RX:u_rx|state.DATA_BITS                          ; clk          ; clk         ; 1.000        ; -0.068     ; 4.819      ;
; -3.884 ; UART_RX:u_rx|baudrate_gen:u_brg|counter[1]  ; UART_RX:u_rx|state.IDLE                               ; clk          ; clk         ; 1.000        ; -0.068     ; 4.818      ;
; -3.883 ; UART_RX:u_rx|baudrate_gen:u_brg|counter[1]  ; UART_RX:u_rx|state.DATA_BITS                          ; clk          ; clk         ; 1.000        ; -0.068     ; 4.817      ;
; -3.852 ; UART_RX:u_rx|baudrate_gen:u_brg|counter[14] ; UART_RX:u_rx|state.IDLE                               ; clk          ; clk         ; 1.000        ; -0.070     ; 4.784      ;
; -3.852 ; UART_RX:u_rx|baudrate_gen:u_brg|counter[14] ; UART_RX:u_rx|state.DATA_BITS                          ; clk          ; clk         ; 1.000        ; -0.070     ; 4.784      ;
; -3.842 ; UART_RX:u_rx|baudrate_gen:u_brg|counter[28] ; UART_RX:u_rx|state.IDLE                               ; clk          ; clk         ; 1.000        ; -0.070     ; 4.774      ;
; -3.842 ; UART_RX:u_rx|baudrate_gen:u_brg|counter[28] ; UART_RX:u_rx|state.DATA_BITS                          ; clk          ; clk         ; 1.000        ; -0.070     ; 4.774      ;
; -3.806 ; UART_TX:u_tx|baudrate_gen:u_brg|counter[6]  ; UART_TX:u_tx|count[2]                                 ; clk          ; clk         ; 1.000        ; -0.071     ; 4.737      ;
; -3.806 ; UART_TX:u_tx|baudrate_gen:u_brg|counter[6]  ; UART_TX:u_tx|count[1]                                 ; clk          ; clk         ; 1.000        ; -0.071     ; 4.737      ;
; -3.806 ; UART_TX:u_tx|baudrate_gen:u_brg|counter[6]  ; UART_TX:u_tx|count[0]                                 ; clk          ; clk         ; 1.000        ; -0.071     ; 4.737      ;
; -3.791 ; UART_TX:u_tx|baudrate_gen:u_brg|counter[25] ; UART_TX:u_tx|count[2]                                 ; clk          ; clk         ; 1.000        ; -0.070     ; 4.723      ;
; -3.791 ; UART_TX:u_tx|baudrate_gen:u_brg|counter[25] ; UART_TX:u_tx|count[1]                                 ; clk          ; clk         ; 1.000        ; -0.070     ; 4.723      ;
; -3.791 ; UART_TX:u_tx|baudrate_gen:u_brg|counter[25] ; UART_TX:u_tx|count[0]                                 ; clk          ; clk         ; 1.000        ; -0.070     ; 4.723      ;
; -3.770 ; UART_RX:u_rx|baudrate_gen:u_brg|counter[23] ; UART_RX:u_rx|state.IDLE                               ; clk          ; clk         ; 1.000        ; -0.071     ; 4.701      ;
; -3.769 ; UART_RX:u_rx|baudrate_gen:u_brg|counter[23] ; UART_RX:u_rx|state.DATA_BITS                          ; clk          ; clk         ; 1.000        ; -0.071     ; 4.700      ;
; -3.768 ; UART_TX:u_tx|baudrate_gen:u_brg|counter[22] ; UART_TX:u_tx|count[2]                                 ; clk          ; clk         ; 1.000        ; -0.070     ; 4.700      ;
; -3.768 ; UART_TX:u_tx|baudrate_gen:u_brg|counter[22] ; UART_TX:u_tx|count[1]                                 ; clk          ; clk         ; 1.000        ; -0.070     ; 4.700      ;
; -3.768 ; UART_TX:u_tx|baudrate_gen:u_brg|counter[22] ; UART_TX:u_tx|count[0]                                 ; clk          ; clk         ; 1.000        ; -0.070     ; 4.700      ;
; -3.763 ; UART_RX:u_rx|baudrate_gen:u_brg|counter[22] ; UART_RX:u_rx|state.IDLE                               ; clk          ; clk         ; 1.000        ; -0.071     ; 4.694      ;
; -3.762 ; UART_RX:u_rx|baudrate_gen:u_brg|counter[18] ; UART_RX:u_rx|state.IDLE                               ; clk          ; clk         ; 1.000        ; -0.071     ; 4.693      ;
; -3.762 ; UART_RX:u_rx|baudrate_gen:u_brg|counter[22] ; UART_RX:u_rx|state.DATA_BITS                          ; clk          ; clk         ; 1.000        ; -0.071     ; 4.693      ;
; -3.761 ; UART_RX:u_rx|baudrate_gen:u_brg|counter[18] ; UART_RX:u_rx|state.DATA_BITS                          ; clk          ; clk         ; 1.000        ; -0.071     ; 4.692      ;
; -3.760 ; UART_RX:u_rx|baudrate_gen:u_brg|counter[17] ; UART_RX:u_rx|state.IDLE                               ; clk          ; clk         ; 1.000        ; -0.071     ; 4.691      ;
; -3.759 ; UART_RX:u_rx|baudrate_gen:u_brg|counter[17] ; UART_RX:u_rx|state.DATA_BITS                          ; clk          ; clk         ; 1.000        ; -0.071     ; 4.690      ;
; -3.758 ; UART_TX:u_tx|baudrate_gen:u_brg|counter[28] ; UART_TX:u_tx|count[2]                                 ; clk          ; clk         ; 1.000        ; -0.070     ; 4.690      ;
; -3.758 ; UART_TX:u_tx|baudrate_gen:u_brg|counter[28] ; UART_TX:u_tx|count[1]                                 ; clk          ; clk         ; 1.000        ; -0.070     ; 4.690      ;
; -3.758 ; UART_TX:u_tx|baudrate_gen:u_brg|counter[28] ; UART_TX:u_tx|count[0]                                 ; clk          ; clk         ; 1.000        ; -0.070     ; 4.690      ;
; -3.752 ; UART_TX:u_tx|baudrate_gen:u_brg|counter[5]  ; UART_TX:u_tx|count[2]                                 ; clk          ; clk         ; 1.000        ; -0.071     ; 4.683      ;
; -3.752 ; UART_TX:u_tx|baudrate_gen:u_brg|counter[5]  ; UART_TX:u_tx|count[1]                                 ; clk          ; clk         ; 1.000        ; -0.071     ; 4.683      ;
; -3.752 ; UART_TX:u_tx|baudrate_gen:u_brg|counter[5]  ; UART_TX:u_tx|count[0]                                 ; clk          ; clk         ; 1.000        ; -0.071     ; 4.683      ;
; -3.738 ; UART_RX:u_rx|baudrate_gen:u_brg|counter[13] ; UART_RX:u_rx|baudrate_gen:u_brg|counter[17]           ; clk          ; clk         ; 1.000        ; -0.071     ; 4.669      ;
; -3.738 ; UART_RX:u_rx|baudrate_gen:u_brg|counter[15] ; UART_RX:u_rx|baudrate_gen:u_brg|counter[17]           ; clk          ; clk         ; 1.000        ; -0.071     ; 4.669      ;
; -3.722 ; UART_TX:u_tx|baudrate_gen:u_brg|counter[6]  ; UART_TX:u_tx|parallel_to_serial:u_p2s|data_in_load[0] ; clk          ; clk         ; 1.000        ; -0.066     ; 4.658      ;
; -3.722 ; UART_TX:u_tx|baudrate_gen:u_brg|counter[6]  ; UART_TX:u_tx|parallel_to_serial:u_p2s|data_in_load[1] ; clk          ; clk         ; 1.000        ; -0.066     ; 4.658      ;
; -3.722 ; UART_TX:u_tx|baudrate_gen:u_brg|counter[6]  ; UART_TX:u_tx|parallel_to_serial:u_p2s|data_in_load[2] ; clk          ; clk         ; 1.000        ; -0.066     ; 4.658      ;
; -3.722 ; UART_TX:u_tx|baudrate_gen:u_brg|counter[6]  ; UART_TX:u_tx|parallel_to_serial:u_p2s|data_in_load[3] ; clk          ; clk         ; 1.000        ; -0.066     ; 4.658      ;
; -3.722 ; UART_TX:u_tx|baudrate_gen:u_brg|counter[6]  ; UART_TX:u_tx|parallel_to_serial:u_p2s|data_in_load[4] ; clk          ; clk         ; 1.000        ; -0.066     ; 4.658      ;
; -3.722 ; UART_TX:u_tx|baudrate_gen:u_brg|counter[6]  ; UART_TX:u_tx|parallel_to_serial:u_p2s|data_in_load[5] ; clk          ; clk         ; 1.000        ; -0.066     ; 4.658      ;
; -3.722 ; UART_TX:u_tx|baudrate_gen:u_brg|counter[6]  ; UART_TX:u_tx|parallel_to_serial:u_p2s|data_in_load[6] ; clk          ; clk         ; 1.000        ; -0.066     ; 4.658      ;
; -3.720 ; UART_RX:u_rx|baudrate_gen:u_brg|counter[13] ; UART_RX:u_rx|baudrate_gen:u_brg|counter[31]           ; clk          ; clk         ; 1.000        ; -0.072     ; 4.650      ;
; -3.720 ; UART_RX:u_rx|baudrate_gen:u_brg|counter[15] ; UART_RX:u_rx|baudrate_gen:u_brg|counter[31]           ; clk          ; clk         ; 1.000        ; -0.072     ; 4.650      ;
; -3.715 ; UART_RX:u_rx|baudrate_gen:u_brg|counter[13] ; UART_RX:u_rx|baudrate_gen:u_brg|counter[21]           ; clk          ; clk         ; 1.000        ; -0.071     ; 4.646      ;
; -3.715 ; UART_RX:u_rx|baudrate_gen:u_brg|counter[15] ; UART_RX:u_rx|baudrate_gen:u_brg|counter[21]           ; clk          ; clk         ; 1.000        ; -0.071     ; 4.646      ;
; -3.714 ; UART_RX:u_rx|baudrate_gen:u_brg|counter[13] ; UART_RX:u_rx|baudrate_gen:u_brg|counter[23]           ; clk          ; clk         ; 1.000        ; -0.071     ; 4.645      ;
; -3.714 ; UART_RX:u_rx|baudrate_gen:u_brg|counter[15] ; UART_RX:u_rx|baudrate_gen:u_brg|counter[23]           ; clk          ; clk         ; 1.000        ; -0.071     ; 4.645      ;
; -3.713 ; UART_RX:u_rx|baudrate_gen:u_brg|counter[13] ; UART_RX:u_rx|baudrate_gen:u_brg|counter[22]           ; clk          ; clk         ; 1.000        ; -0.071     ; 4.644      ;
; -3.713 ; UART_RX:u_rx|baudrate_gen:u_brg|counter[13] ; UART_RX:u_rx|baudrate_gen:u_brg|counter[25]           ; clk          ; clk         ; 1.000        ; -0.071     ; 4.644      ;
; -3.713 ; UART_RX:u_rx|baudrate_gen:u_brg|counter[15] ; UART_RX:u_rx|baudrate_gen:u_brg|counter[22]           ; clk          ; clk         ; 1.000        ; -0.071     ; 4.644      ;
; -3.713 ; UART_RX:u_rx|baudrate_gen:u_brg|counter[15] ; UART_RX:u_rx|baudrate_gen:u_brg|counter[25]           ; clk          ; clk         ; 1.000        ; -0.071     ; 4.644      ;
; -3.711 ; UART_RX:u_rx|baudrate_gen:u_brg|counter[13] ; UART_RX:u_rx|baudrate_gen:u_brg|counter[20]           ; clk          ; clk         ; 1.000        ; -0.071     ; 4.642      ;
; -3.711 ; UART_RX:u_rx|baudrate_gen:u_brg|counter[15] ; UART_RX:u_rx|baudrate_gen:u_brg|counter[20]           ; clk          ; clk         ; 1.000        ; -0.071     ; 4.642      ;
; -3.710 ; UART_RX:u_rx|baudrate_gen:u_brg|counter[13] ; UART_RX:u_rx|serial_to_parallel:u_s2p|q[0]            ; clk          ; clk         ; 1.000        ; -0.069     ; 4.643      ;
; -3.710 ; UART_RX:u_rx|baudrate_gen:u_brg|counter[13] ; UART_RX:u_rx|serial_to_parallel:u_s2p|q[1]            ; clk          ; clk         ; 1.000        ; -0.069     ; 4.643      ;
; -3.710 ; UART_RX:u_rx|baudrate_gen:u_brg|counter[13] ; UART_RX:u_rx|serial_to_parallel:u_s2p|q[2]            ; clk          ; clk         ; 1.000        ; -0.069     ; 4.643      ;
; -3.710 ; UART_RX:u_rx|baudrate_gen:u_brg|counter[13] ; UART_RX:u_rx|serial_to_parallel:u_s2p|q[3]            ; clk          ; clk         ; 1.000        ; -0.069     ; 4.643      ;
; -3.710 ; UART_RX:u_rx|baudrate_gen:u_brg|counter[13] ; UART_RX:u_rx|serial_to_parallel:u_s2p|q[4]            ; clk          ; clk         ; 1.000        ; -0.069     ; 4.643      ;
; -3.710 ; UART_RX:u_rx|baudrate_gen:u_brg|counter[13] ; UART_RX:u_rx|serial_to_parallel:u_s2p|q[5]            ; clk          ; clk         ; 1.000        ; -0.069     ; 4.643      ;
; -3.710 ; UART_RX:u_rx|baudrate_gen:u_brg|counter[13] ; UART_RX:u_rx|serial_to_parallel:u_s2p|q[6]            ; clk          ; clk         ; 1.000        ; -0.069     ; 4.643      ;
; -3.710 ; UART_RX:u_rx|baudrate_gen:u_brg|counter[13] ; UART_RX:u_rx|baudrate_gen:u_brg|counter[26]           ; clk          ; clk         ; 1.000        ; -0.071     ; 4.641      ;
; -3.710 ; UART_RX:u_rx|baudrate_gen:u_brg|counter[13] ; UART_RX:u_rx|baudrate_gen:u_brg|counter[27]           ; clk          ; clk         ; 1.000        ; -0.071     ; 4.641      ;
; -3.710 ; UART_RX:u_rx|baudrate_gen:u_brg|counter[13] ; UART_RX:u_rx|serial_to_parallel:u_s2p|q[7]            ; clk          ; clk         ; 1.000        ; -0.069     ; 4.643      ;
; -3.710 ; UART_RX:u_rx|baudrate_gen:u_brg|counter[7]  ; UART_RX:u_rx|state.IDLE                               ; clk          ; clk         ; 1.000        ; -0.068     ; 4.644      ;
; -3.710 ; UART_RX:u_rx|baudrate_gen:u_brg|counter[7]  ; UART_RX:u_rx|state.DATA_BITS                          ; clk          ; clk         ; 1.000        ; -0.068     ; 4.644      ;
; -3.710 ; UART_RX:u_rx|baudrate_gen:u_brg|counter[15] ; UART_RX:u_rx|serial_to_parallel:u_s2p|q[0]            ; clk          ; clk         ; 1.000        ; -0.069     ; 4.643      ;
; -3.710 ; UART_RX:u_rx|baudrate_gen:u_brg|counter[15] ; UART_RX:u_rx|serial_to_parallel:u_s2p|q[1]            ; clk          ; clk         ; 1.000        ; -0.069     ; 4.643      ;
; -3.710 ; UART_RX:u_rx|baudrate_gen:u_brg|counter[15] ; UART_RX:u_rx|serial_to_parallel:u_s2p|q[2]            ; clk          ; clk         ; 1.000        ; -0.069     ; 4.643      ;
; -3.710 ; UART_RX:u_rx|baudrate_gen:u_brg|counter[15] ; UART_RX:u_rx|serial_to_parallel:u_s2p|q[3]            ; clk          ; clk         ; 1.000        ; -0.069     ; 4.643      ;
; -3.710 ; UART_RX:u_rx|baudrate_gen:u_brg|counter[15] ; UART_RX:u_rx|serial_to_parallel:u_s2p|q[4]            ; clk          ; clk         ; 1.000        ; -0.069     ; 4.643      ;
; -3.710 ; UART_RX:u_rx|baudrate_gen:u_brg|counter[15] ; UART_RX:u_rx|serial_to_parallel:u_s2p|q[5]            ; clk          ; clk         ; 1.000        ; -0.069     ; 4.643      ;
; -3.710 ; UART_RX:u_rx|baudrate_gen:u_brg|counter[15] ; UART_RX:u_rx|serial_to_parallel:u_s2p|q[6]            ; clk          ; clk         ; 1.000        ; -0.069     ; 4.643      ;
; -3.710 ; UART_RX:u_rx|baudrate_gen:u_brg|counter[15] ; UART_RX:u_rx|baudrate_gen:u_brg|counter[26]           ; clk          ; clk         ; 1.000        ; -0.071     ; 4.641      ;
; -3.710 ; UART_RX:u_rx|baudrate_gen:u_brg|counter[15] ; UART_RX:u_rx|baudrate_gen:u_brg|counter[27]           ; clk          ; clk         ; 1.000        ; -0.071     ; 4.641      ;
; -3.710 ; UART_RX:u_rx|baudrate_gen:u_brg|counter[15] ; UART_RX:u_rx|serial_to_parallel:u_s2p|q[7]            ; clk          ; clk         ; 1.000        ; -0.069     ; 4.643      ;
; -3.707 ; UART_TX:u_tx|baudrate_gen:u_brg|counter[25] ; UART_TX:u_tx|parallel_to_serial:u_p2s|data_in_load[0] ; clk          ; clk         ; 1.000        ; -0.065     ; 4.644      ;
; -3.707 ; UART_TX:u_tx|baudrate_gen:u_brg|counter[25] ; UART_TX:u_tx|parallel_to_serial:u_p2s|data_in_load[1] ; clk          ; clk         ; 1.000        ; -0.065     ; 4.644      ;
; -3.707 ; UART_TX:u_tx|baudrate_gen:u_brg|counter[25] ; UART_TX:u_tx|parallel_to_serial:u_p2s|data_in_load[2] ; clk          ; clk         ; 1.000        ; -0.065     ; 4.644      ;
; -3.707 ; UART_TX:u_tx|baudrate_gen:u_brg|counter[25] ; UART_TX:u_tx|parallel_to_serial:u_p2s|data_in_load[3] ; clk          ; clk         ; 1.000        ; -0.065     ; 4.644      ;
; -3.707 ; UART_TX:u_tx|baudrate_gen:u_brg|counter[25] ; UART_TX:u_tx|parallel_to_serial:u_p2s|data_in_load[4] ; clk          ; clk         ; 1.000        ; -0.065     ; 4.644      ;
; -3.707 ; UART_TX:u_tx|baudrate_gen:u_brg|counter[25] ; UART_TX:u_tx|parallel_to_serial:u_p2s|data_in_load[5] ; clk          ; clk         ; 1.000        ; -0.065     ; 4.644      ;
; -3.707 ; UART_TX:u_tx|baudrate_gen:u_brg|counter[25] ; UART_TX:u_tx|parallel_to_serial:u_p2s|data_in_load[6] ; clk          ; clk         ; 1.000        ; -0.065     ; 4.644      ;
; -3.706 ; UART_RX:u_rx|baudrate_gen:u_brg|counter[31] ; UART_RX:u_rx|state.IDLE                               ; clk          ; clk         ; 1.000        ; -0.070     ; 4.638      ;
; -3.706 ; UART_RX:u_rx|baudrate_gen:u_brg|counter[31] ; UART_RX:u_rx|state.DATA_BITS                          ; clk          ; clk         ; 1.000        ; -0.070     ; 4.638      ;
; -3.706 ; UART_RX:u_rx|baudrate_gen:u_brg|counter[2]  ; UART_RX:u_rx|state.IDLE                               ; clk          ; clk         ; 1.000        ; -0.068     ; 4.640      ;
; -3.705 ; UART_RX:u_rx|baudrate_gen:u_brg|counter[2]  ; UART_RX:u_rx|state.DATA_BITS                          ; clk          ; clk         ; 1.000        ; -0.068     ; 4.639      ;
; -3.691 ; UART_TX:u_tx|baudrate_gen:u_brg|counter[1]  ; UART_TX:u_tx|count[2]                                 ; clk          ; clk         ; 1.000        ; -0.071     ; 4.622      ;
+--------+---------------------------------------------+-------------------------------------------------------+--------------+-------------+--------------+------------+------------+


+---------------------------------------------------------------------------------------------------------------------------------------------------------------------------------------------+
; Slow 1200mV 0C Model Hold: 'clk'                                                                                                                                                            ;
+-------+-------------------------------------------------------+-------------------------------------------------------+--------------+-------------+--------------+------------+------------+
; Slack ; From Node                                             ; To Node                                               ; Launch Clock ; Latch Clock ; Relationship ; Clock Skew ; Data Delay ;
+-------+-------------------------------------------------------+-------------------------------------------------------+--------------+-------------+--------------+------------+------------+
; 0.402 ; UART_TX:u_tx|state.START_BIT                          ; UART_TX:u_tx|state.START_BIT                          ; clk          ; clk         ; 0.000        ; 0.072      ; 0.669      ;
; 0.402 ; UART_TX:u_tx|state.STOP_BIT                           ; UART_TX:u_tx|state.STOP_BIT                           ; clk          ; clk         ; 0.000        ; 0.072      ; 0.669      ;
; 0.402 ; UART_TX:u_tx|state.IDLE                               ; UART_TX:u_tx|state.IDLE                               ; clk          ; clk         ; 0.000        ; 0.072      ; 0.669      ;
; 0.402 ; UART_TX:u_tx|count[2]                                 ; UART_TX:u_tx|count[2]                                 ; clk          ; clk         ; 0.000        ; 0.072      ; 0.669      ;
; 0.402 ; UART_TX:u_tx|count[1]                                 ; UART_TX:u_tx|count[1]                                 ; clk          ; clk         ; 0.000        ; 0.072      ; 0.669      ;
; 0.402 ; UART_RX:u_rx|state.WAIT_START_BIT                     ; UART_RX:u_rx|state.WAIT_START_BIT                     ; clk          ; clk         ; 0.000        ; 0.072      ; 0.669      ;
; 0.402 ; UART_RX:u_rx|state.STOP_BIT                           ; UART_RX:u_rx|state.STOP_BIT                           ; clk          ; clk         ; 0.000        ; 0.072      ; 0.669      ;
; 0.402 ; UART_RX:u_rx|state.START_BIT                          ; UART_RX:u_rx|state.START_BIT                          ; clk          ; clk         ; 0.000        ; 0.072      ; 0.669      ;
; 0.402 ; UART_RX:u_rx|state.IDLE                               ; UART_RX:u_rx|state.IDLE                               ; clk          ; clk         ; 0.000        ; 0.072      ; 0.669      ;
; 0.402 ; UART_RX:u_rx|state.DATA_BITS                          ; UART_RX:u_rx|state.DATA_BITS                          ; clk          ; clk         ; 0.000        ; 0.072      ; 0.669      ;
; 0.402 ; UART_RX:u_rx|count[2]                                 ; UART_RX:u_rx|count[2]                                 ; clk          ; clk         ; 0.000        ; 0.072      ; 0.669      ;
; 0.402 ; UART_RX:u_rx|count[1]                                 ; UART_RX:u_rx|count[1]                                 ; clk          ; clk         ; 0.000        ; 0.072      ; 0.669      ;
; 0.417 ; UART_TX:u_tx|count[0]                                 ; UART_TX:u_tx|count[0]                                 ; clk          ; clk         ; 0.000        ; 0.072      ; 0.684      ;
; 0.417 ; UART_RX:u_rx|count[0]                                 ; UART_RX:u_rx|count[0]                                 ; clk          ; clk         ; 0.000        ; 0.072      ; 0.684      ;
; 0.458 ; UART_TX:u_tx|count[1]                                 ; UART_TX:u_tx|count[2]                                 ; clk          ; clk         ; 0.000        ; 0.072      ; 0.725      ;
; 0.466 ; UART_RX:u_rx|count[0]                                 ; UART_RX:u_rx|count[2]                                 ; clk          ; clk         ; 0.000        ; 0.072      ; 0.733      ;
; 0.467 ; UART_RX:u_rx|count[0]                                 ; UART_RX:u_rx|count[1]                                 ; clk          ; clk         ; 0.000        ; 0.072      ; 0.734      ;
; 0.491 ; UART_RX:u_rx|serial_to_parallel:u_s2p|q[2]            ; UART_RX:u_rx|serial_to_parallel:u_s2p|q[1]            ; clk          ; clk         ; 0.000        ; 0.072      ; 0.758      ;
; 0.492 ; UART_RX:u_rx|serial_to_parallel:u_s2p|q[1]            ; UART_RX:u_rx|serial_to_parallel:u_s2p|q[0]            ; clk          ; clk         ; 0.000        ; 0.072      ; 0.759      ;
; 0.492 ; UART_RX:u_rx|serial_to_parallel:u_s2p|q[4]            ; UART_RX:u_rx|serial_to_parallel:u_s2p|q[3]            ; clk          ; clk         ; 0.000        ; 0.072      ; 0.759      ;
; 0.493 ; UART_RX:u_rx|serial_to_parallel:u_s2p|q[6]            ; UART_RX:u_rx|serial_to_parallel:u_s2p|q[5]            ; clk          ; clk         ; 0.000        ; 0.072      ; 0.760      ;
; 0.493 ; UART_RX:u_rx|serial_to_parallel:u_s2p|q[7]            ; UART_RX:u_rx|serial_to_parallel:u_s2p|q[6]            ; clk          ; clk         ; 0.000        ; 0.072      ; 0.760      ;
; 0.494 ; UART_RX:u_rx|serial_to_parallel:u_s2p|q[3]            ; UART_RX:u_rx|serial_to_parallel:u_s2p|q[2]            ; clk          ; clk         ; 0.000        ; 0.072      ; 0.761      ;
; 0.494 ; UART_RX:u_rx|serial_to_parallel:u_s2p|q[5]            ; UART_RX:u_rx|serial_to_parallel:u_s2p|q[4]            ; clk          ; clk         ; 0.000        ; 0.072      ; 0.761      ;
; 0.601 ; UART_TX:u_tx|parallel_to_serial:u_p2s|data_in_load[1] ; UART_TX:u_tx|parallel_to_serial:u_p2s|data_in_load[0] ; clk          ; clk         ; 0.000        ; 0.072      ; 0.868      ;
; 0.690 ; UART_TX:u_tx|parallel_to_serial:u_p2s|data_in_load[6] ; UART_TX:u_tx|parallel_to_serial:u_p2s|data_in_load[5] ; clk          ; clk         ; 0.000        ; 0.072      ; 0.957      ;
; 0.691 ; UART_TX:u_tx|parallel_to_serial:u_p2s|data_in_load[3] ; UART_TX:u_tx|parallel_to_serial:u_p2s|data_in_load[2] ; clk          ; clk         ; 0.000        ; 0.072      ; 0.958      ;
; 0.691 ; UART_TX:u_tx|parallel_to_serial:u_p2s|data_in_load[5] ; UART_TX:u_tx|parallel_to_serial:u_p2s|data_in_load[4] ; clk          ; clk         ; 0.000        ; 0.072      ; 0.958      ;
; 0.693 ; UART_TX:u_tx|parallel_to_serial:u_p2s|data_in_load[4] ; UART_TX:u_tx|parallel_to_serial:u_p2s|data_in_load[3] ; clk          ; clk         ; 0.000        ; 0.072      ; 0.960      ;
; 0.695 ; UART_RX:u_rx|count[1]                                 ; UART_RX:u_rx|count[2]                                 ; clk          ; clk         ; 0.000        ; 0.072      ; 0.962      ;
; 0.696 ; UART_TX:u_tx|parallel_to_serial:u_p2s|data_in_load[2] ; UART_TX:u_tx|parallel_to_serial:u_p2s|data_in_load[1] ; clk          ; clk         ; 0.000        ; 0.072      ; 0.963      ;
; 0.705 ; UART_TX:u_tx|baudrate_gen:u_brg|counter[3]            ; UART_TX:u_tx|baudrate_gen:u_brg|counter[3]            ; clk          ; clk         ; 0.000        ; 0.072      ; 0.972      ;
; 0.705 ; UART_TX:u_tx|baudrate_gen:u_brg|counter[5]            ; UART_TX:u_tx|baudrate_gen:u_brg|counter[5]            ; clk          ; clk         ; 0.000        ; 0.072      ; 0.972      ;
; 0.705 ; UART_TX:u_tx|baudrate_gen:u_brg|counter[13]           ; UART_TX:u_tx|baudrate_gen:u_brg|counter[13]           ; clk          ; clk         ; 0.000        ; 0.072      ; 0.972      ;
; 0.705 ; UART_TX:u_tx|baudrate_gen:u_brg|counter[15]           ; UART_TX:u_tx|baudrate_gen:u_brg|counter[15]           ; clk          ; clk         ; 0.000        ; 0.072      ; 0.972      ;
; 0.705 ; UART_TX:u_tx|count[0]                                 ; UART_TX:u_tx|count[1]                                 ; clk          ; clk         ; 0.000        ; 0.072      ; 0.972      ;
; 0.706 ; UART_TX:u_tx|baudrate_gen:u_brg|counter[11]           ; UART_TX:u_tx|baudrate_gen:u_brg|counter[11]           ; clk          ; clk         ; 0.000        ; 0.072      ; 0.973      ;
; 0.706 ; UART_TX:u_tx|baudrate_gen:u_brg|counter[21]           ; UART_TX:u_tx|baudrate_gen:u_brg|counter[21]           ; clk          ; clk         ; 0.000        ; 0.072      ; 0.973      ;
; 0.706 ; UART_TX:u_tx|baudrate_gen:u_brg|counter[29]           ; UART_TX:u_tx|baudrate_gen:u_brg|counter[29]           ; clk          ; clk         ; 0.000        ; 0.072      ; 0.973      ;
; 0.706 ; UART_TX:u_tx|count[0]                                 ; UART_TX:u_tx|count[2]                                 ; clk          ; clk         ; 0.000        ; 0.072      ; 0.973      ;
; 0.707 ; UART_TX:u_tx|baudrate_gen:u_brg|counter[1]            ; UART_TX:u_tx|baudrate_gen:u_brg|counter[1]            ; clk          ; clk         ; 0.000        ; 0.072      ; 0.974      ;
; 0.707 ; UART_TX:u_tx|baudrate_gen:u_brg|counter[17]           ; UART_TX:u_tx|baudrate_gen:u_brg|counter[17]           ; clk          ; clk         ; 0.000        ; 0.072      ; 0.974      ;
; 0.707 ; UART_TX:u_tx|baudrate_gen:u_brg|counter[27]           ; UART_TX:u_tx|baudrate_gen:u_brg|counter[27]           ; clk          ; clk         ; 0.000        ; 0.072      ; 0.974      ;
; 0.708 ; UART_TX:u_tx|baudrate_gen:u_brg|counter[31]           ; UART_TX:u_tx|baudrate_gen:u_brg|counter[31]           ; clk          ; clk         ; 0.000        ; 0.072      ; 0.975      ;
; 0.708 ; UART_TX:u_tx|baudrate_gen:u_brg|counter[6]            ; UART_TX:u_tx|baudrate_gen:u_brg|counter[6]            ; clk          ; clk         ; 0.000        ; 0.072      ; 0.975      ;
; 0.708 ; UART_TX:u_tx|baudrate_gen:u_brg|counter[9]            ; UART_TX:u_tx|baudrate_gen:u_brg|counter[9]            ; clk          ; clk         ; 0.000        ; 0.072      ; 0.975      ;
; 0.708 ; UART_TX:u_tx|baudrate_gen:u_brg|counter[22]           ; UART_TX:u_tx|baudrate_gen:u_brg|counter[22]           ; clk          ; clk         ; 0.000        ; 0.072      ; 0.975      ;
; 0.709 ; UART_TX:u_tx|baudrate_gen:u_brg|counter[7]            ; UART_TX:u_tx|baudrate_gen:u_brg|counter[7]            ; clk          ; clk         ; 0.000        ; 0.072      ; 0.976      ;
; 0.709 ; UART_TX:u_tx|baudrate_gen:u_brg|counter[23]           ; UART_TX:u_tx|baudrate_gen:u_brg|counter[23]           ; clk          ; clk         ; 0.000        ; 0.072      ; 0.976      ;
; 0.709 ; UART_TX:u_tx|baudrate_gen:u_brg|counter[25]           ; UART_TX:u_tx|baudrate_gen:u_brg|counter[25]           ; clk          ; clk         ; 0.000        ; 0.072      ; 0.976      ;
; 0.710 ; UART_TX:u_tx|baudrate_gen:u_brg|counter[2]            ; UART_TX:u_tx|baudrate_gen:u_brg|counter[2]            ; clk          ; clk         ; 0.000        ; 0.072      ; 0.977      ;
; 0.710 ; UART_TX:u_tx|baudrate_gen:u_brg|counter[14]           ; UART_TX:u_tx|baudrate_gen:u_brg|counter[14]           ; clk          ; clk         ; 0.000        ; 0.072      ; 0.977      ;
; 0.710 ; UART_TX:u_tx|baudrate_gen:u_brg|counter[16]           ; UART_TX:u_tx|baudrate_gen:u_brg|counter[16]           ; clk          ; clk         ; 0.000        ; 0.072      ; 0.977      ;
; 0.711 ; UART_TX:u_tx|baudrate_gen:u_brg|counter[4]            ; UART_TX:u_tx|baudrate_gen:u_brg|counter[4]            ; clk          ; clk         ; 0.000        ; 0.072      ; 0.978      ;
; 0.711 ; UART_TX:u_tx|baudrate_gen:u_brg|counter[10]           ; UART_TX:u_tx|baudrate_gen:u_brg|counter[10]           ; clk          ; clk         ; 0.000        ; 0.072      ; 0.978      ;
; 0.711 ; UART_TX:u_tx|baudrate_gen:u_brg|counter[12]           ; UART_TX:u_tx|baudrate_gen:u_brg|counter[12]           ; clk          ; clk         ; 0.000        ; 0.072      ; 0.978      ;
; 0.711 ; UART_TX:u_tx|baudrate_gen:u_brg|counter[18]           ; UART_TX:u_tx|baudrate_gen:u_brg|counter[18]           ; clk          ; clk         ; 0.000        ; 0.072      ; 0.978      ;
; 0.712 ; UART_TX:u_tx|parallel_to_serial:u_p2s|data_in_load[7] ; UART_TX:u_tx|parallel_to_serial:u_p2s|data_in_load[6] ; clk          ; clk         ; 0.000        ; 0.072      ; 0.979      ;
; 0.712 ; UART_TX:u_tx|baudrate_gen:u_brg|counter[20]           ; UART_TX:u_tx|baudrate_gen:u_brg|counter[20]           ; clk          ; clk         ; 0.000        ; 0.072      ; 0.979      ;
; 0.712 ; UART_TX:u_tx|baudrate_gen:u_brg|counter[8]            ; UART_TX:u_tx|baudrate_gen:u_brg|counter[8]            ; clk          ; clk         ; 0.000        ; 0.072      ; 0.979      ;
; 0.712 ; UART_TX:u_tx|baudrate_gen:u_brg|counter[30]           ; UART_TX:u_tx|baudrate_gen:u_brg|counter[30]           ; clk          ; clk         ; 0.000        ; 0.072      ; 0.979      ;
; 0.712 ; UART_TX:u_tx|baudrate_gen:u_brg|counter[26]           ; UART_TX:u_tx|baudrate_gen:u_brg|counter[26]           ; clk          ; clk         ; 0.000        ; 0.072      ; 0.979      ;
; 0.712 ; UART_TX:u_tx|baudrate_gen:u_brg|counter[28]           ; UART_TX:u_tx|baudrate_gen:u_brg|counter[28]           ; clk          ; clk         ; 0.000        ; 0.072      ; 0.979      ;
; 0.713 ; UART_TX:u_tx|baudrate_gen:u_brg|counter[24]           ; UART_TX:u_tx|baudrate_gen:u_brg|counter[24]           ; clk          ; clk         ; 0.000        ; 0.072      ; 0.980      ;
; 0.718 ; UART_TX:u_tx|parallel_to_serial:u_p2s|data_in_load[0] ; UART_TX:u_tx|data_out_r                               ; clk          ; clk         ; 0.000        ; 0.072      ; 0.985      ;
; 0.732 ; UART_TX:u_tx|state.STOP_BIT                           ; UART_TX:u_tx|data_out_r                               ; clk          ; clk         ; 0.000        ; 0.072      ; 0.999      ;
; 0.733 ; UART_TX:u_tx|baudrate_gen:u_brg|counter[0]            ; UART_TX:u_tx|baudrate_gen:u_brg|counter[0]            ; clk          ; clk         ; 0.000        ; 0.072      ; 1.000      ;
; 0.815 ; UART_RX:u_rx|data_in_meta                             ; UART_RX:u_rx|data_in_sync                             ; clk          ; clk         ; 0.000        ; 0.072      ; 1.082      ;
; 0.873 ; UART_RX:u_rx|data_in_sync                             ; UART_RX:u_rx|serial_to_parallel:u_s2p|q[7]            ; clk          ; clk         ; 0.000        ; 0.073      ; 1.141      ;
; 0.921 ; UART_TX:u_tx|state.DATA_BITS                          ; UART_TX:u_tx|count[1]                                 ; clk          ; clk         ; 0.000        ; 0.072      ; 1.188      ;
; 0.924 ; UART_TX:u_tx|state.DATA_BITS                          ; UART_TX:u_tx|count[0]                                 ; clk          ; clk         ; 0.000        ; 0.072      ; 1.191      ;
; 0.946 ; UART_RX:u_rx|state.IDLE                               ; UART_RX:u_rx|rx_busy_r                                ; clk          ; clk         ; 0.000        ; 0.072      ; 1.213      ;
; 1.003 ; UART_RX:u_rx|state.STOP_BIT                           ; UART_RX:u_rx|rx_valid_r                               ; clk          ; clk         ; 0.000        ; 0.072      ; 1.270      ;
; 1.027 ; UART_TX:u_tx|baudrate_gen:u_brg|counter[0]            ; UART_TX:u_tx|baudrate_gen:u_brg|counter[1]            ; clk          ; clk         ; 0.000        ; 0.072      ; 1.294      ;
; 1.027 ; UART_TX:u_tx|baudrate_gen:u_brg|counter[5]            ; UART_TX:u_tx|baudrate_gen:u_brg|counter[6]            ; clk          ; clk         ; 0.000        ; 0.072      ; 1.294      ;
; 1.027 ; UART_TX:u_tx|baudrate_gen:u_brg|counter[13]           ; UART_TX:u_tx|baudrate_gen:u_brg|counter[14]           ; clk          ; clk         ; 0.000        ; 0.072      ; 1.294      ;
; 1.027 ; UART_TX:u_tx|baudrate_gen:u_brg|counter[3]            ; UART_TX:u_tx|baudrate_gen:u_brg|counter[4]            ; clk          ; clk         ; 0.000        ; 0.072      ; 1.294      ;
; 1.027 ; UART_TX:u_tx|baudrate_gen:u_brg|counter[6]            ; UART_TX:u_tx|baudrate_gen:u_brg|counter[7]            ; clk          ; clk         ; 0.000        ; 0.072      ; 1.294      ;
; 1.027 ; UART_TX:u_tx|baudrate_gen:u_brg|counter[22]           ; UART_TX:u_tx|baudrate_gen:u_brg|counter[23]           ; clk          ; clk         ; 0.000        ; 0.072      ; 1.294      ;
; 1.028 ; UART_TX:u_tx|baudrate_gen:u_brg|counter[2]            ; UART_TX:u_tx|baudrate_gen:u_brg|counter[3]            ; clk          ; clk         ; 0.000        ; 0.072      ; 1.295      ;
; 1.028 ; UART_TX:u_tx|baudrate_gen:u_brg|counter[14]           ; UART_TX:u_tx|baudrate_gen:u_brg|counter[15]           ; clk          ; clk         ; 0.000        ; 0.072      ; 1.295      ;
; 1.028 ; UART_TX:u_tx|baudrate_gen:u_brg|counter[16]           ; UART_TX:u_tx|baudrate_gen:u_brg|counter[17]           ; clk          ; clk         ; 0.000        ; 0.072      ; 1.295      ;
; 1.028 ; UART_TX:u_tx|baudrate_gen:u_brg|counter[21]           ; UART_TX:u_tx|baudrate_gen:u_brg|counter[22]           ; clk          ; clk         ; 0.000        ; 0.072      ; 1.295      ;
; 1.028 ; UART_TX:u_tx|baudrate_gen:u_brg|counter[15]           ; UART_TX:u_tx|baudrate_gen:u_brg|counter[16]           ; clk          ; clk         ; 0.000        ; 0.071      ; 1.294      ;
; 1.028 ; UART_TX:u_tx|baudrate_gen:u_brg|counter[11]           ; UART_TX:u_tx|baudrate_gen:u_brg|counter[12]           ; clk          ; clk         ; 0.000        ; 0.072      ; 1.295      ;
; 1.028 ; UART_TX:u_tx|baudrate_gen:u_brg|counter[29]           ; UART_TX:u_tx|baudrate_gen:u_brg|counter[30]           ; clk          ; clk         ; 0.000        ; 0.072      ; 1.295      ;
; 1.029 ; UART_TX:u_tx|baudrate_gen:u_brg|counter[4]            ; UART_TX:u_tx|baudrate_gen:u_brg|counter[5]            ; clk          ; clk         ; 0.000        ; 0.072      ; 1.296      ;
; 1.029 ; UART_TX:u_tx|baudrate_gen:u_brg|counter[12]           ; UART_TX:u_tx|baudrate_gen:u_brg|counter[13]           ; clk          ; clk         ; 0.000        ; 0.072      ; 1.296      ;
; 1.029 ; UART_TX:u_tx|baudrate_gen:u_brg|counter[10]           ; UART_TX:u_tx|baudrate_gen:u_brg|counter[11]           ; clk          ; clk         ; 0.000        ; 0.072      ; 1.296      ;
; 1.029 ; UART_TX:u_tx|baudrate_gen:u_brg|counter[20]           ; UART_TX:u_tx|baudrate_gen:u_brg|counter[21]           ; clk          ; clk         ; 0.000        ; 0.072      ; 1.296      ;
; 1.029 ; UART_TX:u_tx|baudrate_gen:u_brg|counter[27]           ; UART_TX:u_tx|baudrate_gen:u_brg|counter[28]           ; clk          ; clk         ; 0.000        ; 0.072      ; 1.296      ;
; 1.030 ; UART_TX:u_tx|baudrate_gen:u_brg|counter[28]           ; UART_TX:u_tx|baudrate_gen:u_brg|counter[29]           ; clk          ; clk         ; 0.000        ; 0.072      ; 1.297      ;
; 1.030 ; UART_TX:u_tx|baudrate_gen:u_brg|counter[26]           ; UART_TX:u_tx|baudrate_gen:u_brg|counter[27]           ; clk          ; clk         ; 0.000        ; 0.072      ; 1.297      ;
; 1.030 ; UART_TX:u_tx|baudrate_gen:u_brg|counter[30]           ; UART_TX:u_tx|baudrate_gen:u_brg|counter[31]           ; clk          ; clk         ; 0.000        ; 0.072      ; 1.297      ;
; 1.030 ; UART_TX:u_tx|baudrate_gen:u_brg|counter[8]            ; UART_TX:u_tx|baudrate_gen:u_brg|counter[9]            ; clk          ; clk         ; 0.000        ; 0.072      ; 1.297      ;
; 1.031 ; UART_TX:u_tx|baudrate_gen:u_brg|counter[24]           ; UART_TX:u_tx|baudrate_gen:u_brg|counter[25]           ; clk          ; clk         ; 0.000        ; 0.072      ; 1.298      ;
; 1.031 ; UART_TX:u_tx|baudrate_gen:u_brg|counter[1]            ; UART_TX:u_tx|baudrate_gen:u_brg|counter[2]            ; clk          ; clk         ; 0.000        ; 0.072      ; 1.298      ;
; 1.031 ; UART_TX:u_tx|baudrate_gen:u_brg|counter[17]           ; UART_TX:u_tx|baudrate_gen:u_brg|counter[18]           ; clk          ; clk         ; 0.000        ; 0.072      ; 1.298      ;
; 1.032 ; UART_TX:u_tx|baudrate_gen:u_brg|counter[9]            ; UART_TX:u_tx|baudrate_gen:u_brg|counter[10]           ; clk          ; clk         ; 0.000        ; 0.072      ; 1.299      ;
; 1.033 ; UART_TX:u_tx|baudrate_gen:u_brg|counter[7]            ; UART_TX:u_tx|baudrate_gen:u_brg|counter[8]            ; clk          ; clk         ; 0.000        ; 0.072      ; 1.300      ;
+-------+-------------------------------------------------------+-------------------------------------------------------+--------------+-------------+--------------+------------+------------+


----------------------------------------------
; Slow 1200mV 0C Model Metastability Summary ;
----------------------------------------------
No synchronizer chains to report.


+------------------------------------+
; Fast 1200mV 0C Model Setup Summary ;
+-------+--------+-------------------+
; Clock ; Slack  ; End Point TNS     ;
+-------+--------+-------------------+
; clk   ; -1.371 ; -105.647          ;
+-------+--------+-------------------+


+-----------------------------------+
; Fast 1200mV 0C Model Hold Summary ;
+-------+-------+-------------------+
; Clock ; Slack ; End Point TNS     ;
+-------+-------+-------------------+
; clk   ; 0.186 ; 0.000             ;
+-------+-------+-------------------+


-----------------------------------------
; Fast 1200mV 0C Model Recovery Summary ;
-----------------------------------------
No paths to report.


----------------------------------------
; Fast 1200mV 0C Model Removal Summary ;
----------------------------------------
No paths to report.


+--------------------------------------------------+
; Fast 1200mV 0C Model Minimum Pulse Width Summary ;
+-------+--------+---------------------------------+
; Clock ; Slack  ; End Point TNS                   ;
+-------+--------+---------------------------------+
; clk   ; -3.000 ; -110.520                        ;
+-------+--------+---------------------------------+


+------------------------------------------------------------------------------------------------------------------------------------------------------------------------------------+
; Fast 1200mV 0C Model Setup: 'clk'                                                                                                                                                  ;
+--------+---------------------------------------------+-------------------------------------------------------+--------------+-------------+--------------+------------+------------+
; Slack  ; From Node                                   ; To Node                                               ; Launch Clock ; Latch Clock ; Relationship ; Clock Skew ; Data Delay ;
+--------+---------------------------------------------+-------------------------------------------------------+--------------+-------------+--------------+------------+------------+
; -1.371 ; UART_RX:u_rx|baudrate_gen:u_brg|counter[13] ; UART_RX:u_rx|state.IDLE                               ; clk          ; clk         ; 1.000        ; -0.034     ; 2.324      ;
; -1.371 ; UART_RX:u_rx|baudrate_gen:u_brg|counter[13] ; UART_RX:u_rx|state.DATA_BITS                          ; clk          ; clk         ; 1.000        ; -0.034     ; 2.324      ;
; -1.367 ; UART_RX:u_rx|baudrate_gen:u_brg|counter[15] ; UART_RX:u_rx|state.IDLE                               ; clk          ; clk         ; 1.000        ; -0.034     ; 2.320      ;
; -1.367 ; UART_RX:u_rx|baudrate_gen:u_brg|counter[15] ; UART_RX:u_rx|state.DATA_BITS                          ; clk          ; clk         ; 1.000        ; -0.034     ; 2.320      ;
; -1.314 ; UART_RX:u_rx|baudrate_gen:u_brg|counter[30] ; UART_RX:u_rx|state.IDLE                               ; clk          ; clk         ; 1.000        ; -0.034     ; 2.267      ;
; -1.314 ; UART_RX:u_rx|baudrate_gen:u_brg|counter[30] ; UART_RX:u_rx|state.DATA_BITS                          ; clk          ; clk         ; 1.000        ; -0.034     ; 2.267      ;
; -1.310 ; UART_RX:u_rx|baudrate_gen:u_brg|counter[29] ; UART_RX:u_rx|state.IDLE                               ; clk          ; clk         ; 1.000        ; -0.034     ; 2.263      ;
; -1.310 ; UART_RX:u_rx|baudrate_gen:u_brg|counter[29] ; UART_RX:u_rx|state.DATA_BITS                          ; clk          ; clk         ; 1.000        ; -0.034     ; 2.263      ;
; -1.284 ; UART_RX:u_rx|baudrate_gen:u_brg|counter[12] ; UART_RX:u_rx|state.IDLE                               ; clk          ; clk         ; 1.000        ; -0.034     ; 2.237      ;
; -1.284 ; UART_RX:u_rx|baudrate_gen:u_brg|counter[12] ; UART_RX:u_rx|state.DATA_BITS                          ; clk          ; clk         ; 1.000        ; -0.034     ; 2.237      ;
; -1.274 ; UART_RX:u_rx|baudrate_gen:u_brg|counter[4]  ; UART_RX:u_rx|state.IDLE                               ; clk          ; clk         ; 1.000        ; -0.032     ; 2.229      ;
; -1.274 ; UART_RX:u_rx|baudrate_gen:u_brg|counter[4]  ; UART_RX:u_rx|state.DATA_BITS                          ; clk          ; clk         ; 1.000        ; -0.032     ; 2.229      ;
; -1.273 ; UART_RX:u_rx|baudrate_gen:u_brg|counter[1]  ; UART_RX:u_rx|state.IDLE                               ; clk          ; clk         ; 1.000        ; -0.032     ; 2.228      ;
; -1.273 ; UART_RX:u_rx|baudrate_gen:u_brg|counter[1]  ; UART_RX:u_rx|state.DATA_BITS                          ; clk          ; clk         ; 1.000        ; -0.032     ; 2.228      ;
; -1.271 ; UART_RX:u_rx|baudrate_gen:u_brg|counter[5]  ; UART_RX:u_rx|state.IDLE                               ; clk          ; clk         ; 1.000        ; -0.032     ; 2.226      ;
; -1.271 ; UART_RX:u_rx|baudrate_gen:u_brg|counter[5]  ; UART_RX:u_rx|state.DATA_BITS                          ; clk          ; clk         ; 1.000        ; -0.032     ; 2.226      ;
; -1.265 ; UART_RX:u_rx|baudrate_gen:u_brg|counter[0]  ; UART_RX:u_rx|state.IDLE                               ; clk          ; clk         ; 1.000        ; -0.032     ; 2.220      ;
; -1.265 ; UART_RX:u_rx|baudrate_gen:u_brg|counter[0]  ; UART_RX:u_rx|state.DATA_BITS                          ; clk          ; clk         ; 1.000        ; -0.032     ; 2.220      ;
; -1.260 ; UART_RX:u_rx|baudrate_gen:u_brg|counter[1]  ; UART_RX:u_rx|baudrate_gen:u_brg|counter[31]           ; clk          ; clk         ; 1.000        ; -0.034     ; 2.213      ;
; -1.234 ; UART_RX:u_rx|baudrate_gen:u_brg|counter[0]  ; UART_RX:u_rx|baudrate_gen:u_brg|counter[31]           ; clk          ; clk         ; 1.000        ; -0.034     ; 2.187      ;
; -1.230 ; UART_RX:u_rx|baudrate_gen:u_brg|counter[28] ; UART_RX:u_rx|state.IDLE                               ; clk          ; clk         ; 1.000        ; -0.034     ; 2.183      ;
; -1.230 ; UART_RX:u_rx|baudrate_gen:u_brg|counter[28] ; UART_RX:u_rx|state.DATA_BITS                          ; clk          ; clk         ; 1.000        ; -0.034     ; 2.183      ;
; -1.224 ; UART_RX:u_rx|baudrate_gen:u_brg|counter[13] ; UART_RX:u_rx|baudrate_gen:u_brg|counter[21]           ; clk          ; clk         ; 1.000        ; -0.035     ; 2.176      ;
; -1.223 ; UART_RX:u_rx|baudrate_gen:u_brg|counter[13] ; UART_RX:u_rx|baudrate_gen:u_brg|counter[23]           ; clk          ; clk         ; 1.000        ; -0.035     ; 2.175      ;
; -1.222 ; UART_TX:u_tx|baudrate_gen:u_brg|counter[6]  ; UART_TX:u_tx|count[2]                                 ; clk          ; clk         ; 1.000        ; -0.034     ; 2.175      ;
; -1.222 ; UART_TX:u_tx|baudrate_gen:u_brg|counter[6]  ; UART_TX:u_tx|count[1]                                 ; clk          ; clk         ; 1.000        ; -0.034     ; 2.175      ;
; -1.222 ; UART_TX:u_tx|baudrate_gen:u_brg|counter[6]  ; UART_TX:u_tx|count[0]                                 ; clk          ; clk         ; 1.000        ; -0.034     ; 2.175      ;
; -1.222 ; UART_RX:u_rx|baudrate_gen:u_brg|counter[13] ; UART_RX:u_rx|baudrate_gen:u_brg|counter[22]           ; clk          ; clk         ; 1.000        ; -0.035     ; 2.174      ;
; -1.221 ; UART_RX:u_rx|baudrate_gen:u_brg|counter[13] ; UART_RX:u_rx|baudrate_gen:u_brg|counter[25]           ; clk          ; clk         ; 1.000        ; -0.035     ; 2.173      ;
; -1.220 ; UART_RX:u_rx|baudrate_gen:u_brg|counter[13] ; UART_RX:u_rx|baudrate_gen:u_brg|counter[20]           ; clk          ; clk         ; 1.000        ; -0.035     ; 2.172      ;
; -1.220 ; UART_RX:u_rx|baudrate_gen:u_brg|counter[1]  ; UART_RX:u_rx|baudrate_gen:u_brg|counter[28]           ; clk          ; clk         ; 1.000        ; -0.034     ; 2.173      ;
; -1.220 ; UART_RX:u_rx|baudrate_gen:u_brg|counter[15] ; UART_RX:u_rx|baudrate_gen:u_brg|counter[21]           ; clk          ; clk         ; 1.000        ; -0.035     ; 2.172      ;
; -1.219 ; UART_RX:u_rx|baudrate_gen:u_brg|counter[13] ; UART_RX:u_rx|baudrate_gen:u_brg|counter[27]           ; clk          ; clk         ; 1.000        ; -0.035     ; 2.171      ;
; -1.219 ; UART_RX:u_rx|baudrate_gen:u_brg|counter[23] ; UART_RX:u_rx|state.IDLE                               ; clk          ; clk         ; 1.000        ; -0.035     ; 2.171      ;
; -1.219 ; UART_RX:u_rx|baudrate_gen:u_brg|counter[23] ; UART_RX:u_rx|state.DATA_BITS                          ; clk          ; clk         ; 1.000        ; -0.035     ; 2.171      ;
; -1.219 ; UART_RX:u_rx|baudrate_gen:u_brg|counter[15] ; UART_RX:u_rx|baudrate_gen:u_brg|counter[23]           ; clk          ; clk         ; 1.000        ; -0.035     ; 2.171      ;
; -1.218 ; UART_RX:u_rx|baudrate_gen:u_brg|counter[13] ; UART_RX:u_rx|baudrate_gen:u_brg|counter[26]           ; clk          ; clk         ; 1.000        ; -0.035     ; 2.170      ;
; -1.218 ; UART_RX:u_rx|baudrate_gen:u_brg|counter[15] ; UART_RX:u_rx|baudrate_gen:u_brg|counter[22]           ; clk          ; clk         ; 1.000        ; -0.035     ; 2.170      ;
; -1.217 ; UART_RX:u_rx|baudrate_gen:u_brg|counter[15] ; UART_RX:u_rx|baudrate_gen:u_brg|counter[25]           ; clk          ; clk         ; 1.000        ; -0.035     ; 2.169      ;
; -1.216 ; UART_RX:u_rx|baudrate_gen:u_brg|counter[17] ; UART_RX:u_rx|state.IDLE                               ; clk          ; clk         ; 1.000        ; -0.035     ; 2.168      ;
; -1.216 ; UART_RX:u_rx|baudrate_gen:u_brg|counter[17] ; UART_RX:u_rx|state.DATA_BITS                          ; clk          ; clk         ; 1.000        ; -0.035     ; 2.168      ;
; -1.216 ; UART_RX:u_rx|baudrate_gen:u_brg|counter[15] ; UART_RX:u_rx|baudrate_gen:u_brg|counter[20]           ; clk          ; clk         ; 1.000        ; -0.035     ; 2.168      ;
; -1.215 ; UART_RX:u_rx|baudrate_gen:u_brg|counter[15] ; UART_RX:u_rx|baudrate_gen:u_brg|counter[27]           ; clk          ; clk         ; 1.000        ; -0.035     ; 2.167      ;
; -1.215 ; UART_RX:u_rx|baudrate_gen:u_brg|counter[22] ; UART_RX:u_rx|state.IDLE                               ; clk          ; clk         ; 1.000        ; -0.035     ; 2.167      ;
; -1.215 ; UART_RX:u_rx|baudrate_gen:u_brg|counter[22] ; UART_RX:u_rx|state.DATA_BITS                          ; clk          ; clk         ; 1.000        ; -0.035     ; 2.167      ;
; -1.215 ; UART_RX:u_rx|baudrate_gen:u_brg|counter[18] ; UART_RX:u_rx|state.IDLE                               ; clk          ; clk         ; 1.000        ; -0.035     ; 2.167      ;
; -1.215 ; UART_RX:u_rx|baudrate_gen:u_brg|counter[18] ; UART_RX:u_rx|state.DATA_BITS                          ; clk          ; clk         ; 1.000        ; -0.035     ; 2.167      ;
; -1.214 ; UART_RX:u_rx|baudrate_gen:u_brg|counter[15] ; UART_RX:u_rx|baudrate_gen:u_brg|counter[26]           ; clk          ; clk         ; 1.000        ; -0.035     ; 2.166      ;
; -1.212 ; UART_RX:u_rx|baudrate_gen:u_brg|counter[14] ; UART_RX:u_rx|state.IDLE                               ; clk          ; clk         ; 1.000        ; -0.034     ; 2.165      ;
; -1.212 ; UART_RX:u_rx|baudrate_gen:u_brg|counter[14] ; UART_RX:u_rx|state.DATA_BITS                          ; clk          ; clk         ; 1.000        ; -0.034     ; 2.165      ;
; -1.210 ; UART_RX:u_rx|baudrate_gen:u_brg|counter[13] ; UART_RX:u_rx|baudrate_gen:u_brg|counter[31]           ; clk          ; clk         ; 1.000        ; -0.036     ; 2.161      ;
; -1.209 ; UART_TX:u_tx|baudrate_gen:u_brg|counter[28] ; UART_TX:u_tx|count[2]                                 ; clk          ; clk         ; 1.000        ; -0.034     ; 2.162      ;
; -1.209 ; UART_TX:u_tx|baudrate_gen:u_brg|counter[28] ; UART_TX:u_tx|count[1]                                 ; clk          ; clk         ; 1.000        ; -0.034     ; 2.162      ;
; -1.209 ; UART_TX:u_tx|baudrate_gen:u_brg|counter[28] ; UART_TX:u_tx|count[0]                                 ; clk          ; clk         ; 1.000        ; -0.034     ; 2.162      ;
; -1.206 ; UART_RX:u_rx|baudrate_gen:u_brg|counter[15] ; UART_RX:u_rx|baudrate_gen:u_brg|counter[31]           ; clk          ; clk         ; 1.000        ; -0.036     ; 2.157      ;
; -1.205 ; UART_TX:u_tx|baudrate_gen:u_brg|counter[6]  ; UART_TX:u_tx|parallel_to_serial:u_p2s|data_in_load[0] ; clk          ; clk         ; 1.000        ; -0.031     ; 2.161      ;
; -1.205 ; UART_TX:u_tx|baudrate_gen:u_brg|counter[6]  ; UART_TX:u_tx|parallel_to_serial:u_p2s|data_in_load[1] ; clk          ; clk         ; 1.000        ; -0.031     ; 2.161      ;
; -1.205 ; UART_TX:u_tx|baudrate_gen:u_brg|counter[6]  ; UART_TX:u_tx|parallel_to_serial:u_p2s|data_in_load[2] ; clk          ; clk         ; 1.000        ; -0.031     ; 2.161      ;
; -1.205 ; UART_TX:u_tx|baudrate_gen:u_brg|counter[6]  ; UART_TX:u_tx|parallel_to_serial:u_p2s|data_in_load[3] ; clk          ; clk         ; 1.000        ; -0.031     ; 2.161      ;
; -1.205 ; UART_TX:u_tx|baudrate_gen:u_brg|counter[6]  ; UART_TX:u_tx|parallel_to_serial:u_p2s|data_in_load[4] ; clk          ; clk         ; 1.000        ; -0.031     ; 2.161      ;
; -1.205 ; UART_TX:u_tx|baudrate_gen:u_brg|counter[6]  ; UART_TX:u_tx|parallel_to_serial:u_p2s|data_in_load[5] ; clk          ; clk         ; 1.000        ; -0.031     ; 2.161      ;
; -1.205 ; UART_TX:u_tx|baudrate_gen:u_brg|counter[6]  ; UART_TX:u_tx|parallel_to_serial:u_p2s|data_in_load[6] ; clk          ; clk         ; 1.000        ; -0.031     ; 2.161      ;
; -1.204 ; UART_TX:u_tx|baudrate_gen:u_brg|counter[25] ; UART_TX:u_tx|count[2]                                 ; clk          ; clk         ; 1.000        ; -0.034     ; 2.157      ;
; -1.204 ; UART_TX:u_tx|baudrate_gen:u_brg|counter[25] ; UART_TX:u_tx|count[1]                                 ; clk          ; clk         ; 1.000        ; -0.034     ; 2.157      ;
; -1.204 ; UART_TX:u_tx|baudrate_gen:u_brg|counter[25] ; UART_TX:u_tx|count[0]                                 ; clk          ; clk         ; 1.000        ; -0.034     ; 2.157      ;
; -1.196 ; UART_RX:u_rx|baudrate_gen:u_brg|counter[13] ; UART_RX:u_rx|baudrate_gen:u_brg|counter[17]           ; clk          ; clk         ; 1.000        ; -0.035     ; 2.148      ;
; -1.196 ; UART_RX:u_rx|baudrate_gen:u_brg|counter[3]  ; UART_RX:u_rx|baudrate_gen:u_brg|counter[31]           ; clk          ; clk         ; 1.000        ; -0.034     ; 2.149      ;
; -1.192 ; UART_TX:u_tx|baudrate_gen:u_brg|counter[28] ; UART_TX:u_tx|parallel_to_serial:u_p2s|data_in_load[0] ; clk          ; clk         ; 1.000        ; -0.031     ; 2.148      ;
; -1.192 ; UART_TX:u_tx|baudrate_gen:u_brg|counter[28] ; UART_TX:u_tx|parallel_to_serial:u_p2s|data_in_load[1] ; clk          ; clk         ; 1.000        ; -0.031     ; 2.148      ;
; -1.192 ; UART_TX:u_tx|baudrate_gen:u_brg|counter[28] ; UART_TX:u_tx|parallel_to_serial:u_p2s|data_in_load[2] ; clk          ; clk         ; 1.000        ; -0.031     ; 2.148      ;
; -1.192 ; UART_TX:u_tx|baudrate_gen:u_brg|counter[28] ; UART_TX:u_tx|parallel_to_serial:u_p2s|data_in_load[3] ; clk          ; clk         ; 1.000        ; -0.031     ; 2.148      ;
; -1.192 ; UART_TX:u_tx|baudrate_gen:u_brg|counter[28] ; UART_TX:u_tx|parallel_to_serial:u_p2s|data_in_load[4] ; clk          ; clk         ; 1.000        ; -0.031     ; 2.148      ;
; -1.192 ; UART_TX:u_tx|baudrate_gen:u_brg|counter[28] ; UART_TX:u_tx|parallel_to_serial:u_p2s|data_in_load[5] ; clk          ; clk         ; 1.000        ; -0.031     ; 2.148      ;
; -1.192 ; UART_TX:u_tx|baudrate_gen:u_brg|counter[28] ; UART_TX:u_tx|parallel_to_serial:u_p2s|data_in_load[6] ; clk          ; clk         ; 1.000        ; -0.031     ; 2.148      ;
; -1.192 ; UART_RX:u_rx|baudrate_gen:u_brg|counter[15] ; UART_RX:u_rx|baudrate_gen:u_brg|counter[17]           ; clk          ; clk         ; 1.000        ; -0.035     ; 2.144      ;
; -1.187 ; UART_TX:u_tx|baudrate_gen:u_brg|counter[25] ; UART_TX:u_tx|parallel_to_serial:u_p2s|data_in_load[0] ; clk          ; clk         ; 1.000        ; -0.031     ; 2.143      ;
; -1.187 ; UART_TX:u_tx|baudrate_gen:u_brg|counter[25] ; UART_TX:u_tx|parallel_to_serial:u_p2s|data_in_load[1] ; clk          ; clk         ; 1.000        ; -0.031     ; 2.143      ;
; -1.187 ; UART_TX:u_tx|baudrate_gen:u_brg|counter[25] ; UART_TX:u_tx|parallel_to_serial:u_p2s|data_in_load[2] ; clk          ; clk         ; 1.000        ; -0.031     ; 2.143      ;
; -1.187 ; UART_TX:u_tx|baudrate_gen:u_brg|counter[25] ; UART_TX:u_tx|parallel_to_serial:u_p2s|data_in_load[3] ; clk          ; clk         ; 1.000        ; -0.031     ; 2.143      ;
; -1.187 ; UART_TX:u_tx|baudrate_gen:u_brg|counter[25] ; UART_TX:u_tx|parallel_to_serial:u_p2s|data_in_load[4] ; clk          ; clk         ; 1.000        ; -0.031     ; 2.143      ;
; -1.187 ; UART_TX:u_tx|baudrate_gen:u_brg|counter[25] ; UART_TX:u_tx|parallel_to_serial:u_p2s|data_in_load[5] ; clk          ; clk         ; 1.000        ; -0.031     ; 2.143      ;
; -1.187 ; UART_TX:u_tx|baudrate_gen:u_brg|counter[25] ; UART_TX:u_tx|parallel_to_serial:u_p2s|data_in_load[6] ; clk          ; clk         ; 1.000        ; -0.031     ; 2.143      ;
; -1.177 ; UART_RX:u_rx|baudrate_gen:u_brg|counter[13] ; UART_RX:u_rx|serial_to_parallel:u_s2p|q[0]            ; clk          ; clk         ; 1.000        ; -0.033     ; 2.131      ;
; -1.177 ; UART_RX:u_rx|baudrate_gen:u_brg|counter[13] ; UART_RX:u_rx|serial_to_parallel:u_s2p|q[1]            ; clk          ; clk         ; 1.000        ; -0.033     ; 2.131      ;
; -1.177 ; UART_RX:u_rx|baudrate_gen:u_brg|counter[13] ; UART_RX:u_rx|serial_to_parallel:u_s2p|q[2]            ; clk          ; clk         ; 1.000        ; -0.033     ; 2.131      ;
; -1.177 ; UART_RX:u_rx|baudrate_gen:u_brg|counter[13] ; UART_RX:u_rx|serial_to_parallel:u_s2p|q[3]            ; clk          ; clk         ; 1.000        ; -0.033     ; 2.131      ;
; -1.177 ; UART_RX:u_rx|baudrate_gen:u_brg|counter[13] ; UART_RX:u_rx|serial_to_parallel:u_s2p|q[4]            ; clk          ; clk         ; 1.000        ; -0.033     ; 2.131      ;
; -1.177 ; UART_RX:u_rx|baudrate_gen:u_brg|counter[13] ; UART_RX:u_rx|serial_to_parallel:u_s2p|q[5]            ; clk          ; clk         ; 1.000        ; -0.033     ; 2.131      ;
; -1.177 ; UART_RX:u_rx|baudrate_gen:u_brg|counter[13] ; UART_RX:u_rx|serial_to_parallel:u_s2p|q[6]            ; clk          ; clk         ; 1.000        ; -0.033     ; 2.131      ;
; -1.177 ; UART_RX:u_rx|baudrate_gen:u_brg|counter[13] ; UART_RX:u_rx|serial_to_parallel:u_s2p|q[7]            ; clk          ; clk         ; 1.000        ; -0.033     ; 2.131      ;
; -1.176 ; UART_RX:u_rx|baudrate_gen:u_brg|counter[2]  ; UART_RX:u_rx|state.IDLE                               ; clk          ; clk         ; 1.000        ; -0.032     ; 2.131      ;
; -1.176 ; UART_RX:u_rx|baudrate_gen:u_brg|counter[2]  ; UART_RX:u_rx|state.DATA_BITS                          ; clk          ; clk         ; 1.000        ; -0.032     ; 2.131      ;
; -1.174 ; UART_TX:u_tx|baudrate_gen:u_brg|counter[22] ; UART_TX:u_tx|count[2]                                 ; clk          ; clk         ; 1.000        ; -0.034     ; 2.127      ;
; -1.174 ; UART_TX:u_tx|baudrate_gen:u_brg|counter[22] ; UART_TX:u_tx|count[1]                                 ; clk          ; clk         ; 1.000        ; -0.034     ; 2.127      ;
; -1.174 ; UART_TX:u_tx|baudrate_gen:u_brg|counter[22] ; UART_TX:u_tx|count[0]                                 ; clk          ; clk         ; 1.000        ; -0.034     ; 2.127      ;
; -1.173 ; UART_RX:u_rx|baudrate_gen:u_brg|counter[15] ; UART_RX:u_rx|serial_to_parallel:u_s2p|q[0]            ; clk          ; clk         ; 1.000        ; -0.033     ; 2.127      ;
; -1.173 ; UART_RX:u_rx|baudrate_gen:u_brg|counter[15] ; UART_RX:u_rx|serial_to_parallel:u_s2p|q[1]            ; clk          ; clk         ; 1.000        ; -0.033     ; 2.127      ;
; -1.173 ; UART_RX:u_rx|baudrate_gen:u_brg|counter[15] ; UART_RX:u_rx|serial_to_parallel:u_s2p|q[2]            ; clk          ; clk         ; 1.000        ; -0.033     ; 2.127      ;
; -1.173 ; UART_RX:u_rx|baudrate_gen:u_brg|counter[15] ; UART_RX:u_rx|serial_to_parallel:u_s2p|q[3]            ; clk          ; clk         ; 1.000        ; -0.033     ; 2.127      ;
; -1.173 ; UART_RX:u_rx|baudrate_gen:u_brg|counter[15] ; UART_RX:u_rx|serial_to_parallel:u_s2p|q[4]            ; clk          ; clk         ; 1.000        ; -0.033     ; 2.127      ;
+--------+---------------------------------------------+-------------------------------------------------------+--------------+-------------+--------------+------------+------------+


+---------------------------------------------------------------------------------------------------------------------------------------------------------------------------------------------+
; Fast 1200mV 0C Model Hold: 'clk'                                                                                                                                                            ;
+-------+-------------------------------------------------------+-------------------------------------------------------+--------------+-------------+--------------+------------+------------+
; Slack ; From Node                                             ; To Node                                               ; Launch Clock ; Latch Clock ; Relationship ; Clock Skew ; Data Delay ;
+-------+-------------------------------------------------------+-------------------------------------------------------+--------------+-------------+--------------+------------+------------+
; 0.186 ; UART_RX:u_rx|state.WAIT_START_BIT                     ; UART_RX:u_rx|state.WAIT_START_BIT                     ; clk          ; clk         ; 0.000        ; 0.037      ; 0.307      ;
; 0.186 ; UART_RX:u_rx|state.STOP_BIT                           ; UART_RX:u_rx|state.STOP_BIT                           ; clk          ; clk         ; 0.000        ; 0.037      ; 0.307      ;
; 0.186 ; UART_RX:u_rx|state.START_BIT                          ; UART_RX:u_rx|state.START_BIT                          ; clk          ; clk         ; 0.000        ; 0.037      ; 0.307      ;
; 0.186 ; UART_RX:u_rx|state.IDLE                               ; UART_RX:u_rx|state.IDLE                               ; clk          ; clk         ; 0.000        ; 0.037      ; 0.307      ;
; 0.186 ; UART_RX:u_rx|state.DATA_BITS                          ; UART_RX:u_rx|state.DATA_BITS                          ; clk          ; clk         ; 0.000        ; 0.037      ; 0.307      ;
; 0.187 ; UART_TX:u_tx|state.START_BIT                          ; UART_TX:u_tx|state.START_BIT                          ; clk          ; clk         ; 0.000        ; 0.036      ; 0.307      ;
; 0.187 ; UART_TX:u_tx|state.STOP_BIT                           ; UART_TX:u_tx|state.STOP_BIT                           ; clk          ; clk         ; 0.000        ; 0.036      ; 0.307      ;
; 0.187 ; UART_TX:u_tx|state.IDLE                               ; UART_TX:u_tx|state.IDLE                               ; clk          ; clk         ; 0.000        ; 0.036      ; 0.307      ;
; 0.187 ; UART_TX:u_tx|count[2]                                 ; UART_TX:u_tx|count[2]                                 ; clk          ; clk         ; 0.000        ; 0.036      ; 0.307      ;
; 0.187 ; UART_TX:u_tx|count[1]                                 ; UART_TX:u_tx|count[1]                                 ; clk          ; clk         ; 0.000        ; 0.036      ; 0.307      ;
; 0.187 ; UART_RX:u_rx|count[2]                                 ; UART_RX:u_rx|count[2]                                 ; clk          ; clk         ; 0.000        ; 0.036      ; 0.307      ;
; 0.187 ; UART_RX:u_rx|count[1]                                 ; UART_RX:u_rx|count[1]                                 ; clk          ; clk         ; 0.000        ; 0.036      ; 0.307      ;
; 0.194 ; UART_TX:u_tx|count[0]                                 ; UART_TX:u_tx|count[0]                                 ; clk          ; clk         ; 0.000        ; 0.036      ; 0.314      ;
; 0.194 ; UART_RX:u_rx|count[0]                                 ; UART_RX:u_rx|count[0]                                 ; clk          ; clk         ; 0.000        ; 0.036      ; 0.314      ;
; 0.199 ; UART_TX:u_tx|count[1]                                 ; UART_TX:u_tx|count[2]                                 ; clk          ; clk         ; 0.000        ; 0.036      ; 0.319      ;
; 0.203 ; UART_RX:u_rx|count[0]                                 ; UART_RX:u_rx|count[2]                                 ; clk          ; clk         ; 0.000        ; 0.036      ; 0.323      ;
; 0.204 ; UART_RX:u_rx|serial_to_parallel:u_s2p|q[2]            ; UART_RX:u_rx|serial_to_parallel:u_s2p|q[1]            ; clk          ; clk         ; 0.000        ; 0.036      ; 0.324      ;
; 0.205 ; UART_RX:u_rx|count[0]                                 ; UART_RX:u_rx|count[1]                                 ; clk          ; clk         ; 0.000        ; 0.036      ; 0.325      ;
; 0.206 ; UART_RX:u_rx|serial_to_parallel:u_s2p|q[1]            ; UART_RX:u_rx|serial_to_parallel:u_s2p|q[0]            ; clk          ; clk         ; 0.000        ; 0.036      ; 0.326      ;
; 0.206 ; UART_RX:u_rx|serial_to_parallel:u_s2p|q[4]            ; UART_RX:u_rx|serial_to_parallel:u_s2p|q[3]            ; clk          ; clk         ; 0.000        ; 0.036      ; 0.326      ;
; 0.206 ; UART_RX:u_rx|serial_to_parallel:u_s2p|q[6]            ; UART_RX:u_rx|serial_to_parallel:u_s2p|q[5]            ; clk          ; clk         ; 0.000        ; 0.036      ; 0.326      ;
; 0.206 ; UART_RX:u_rx|serial_to_parallel:u_s2p|q[7]            ; UART_RX:u_rx|serial_to_parallel:u_s2p|q[6]            ; clk          ; clk         ; 0.000        ; 0.036      ; 0.326      ;
; 0.207 ; UART_RX:u_rx|serial_to_parallel:u_s2p|q[3]            ; UART_RX:u_rx|serial_to_parallel:u_s2p|q[2]            ; clk          ; clk         ; 0.000        ; 0.036      ; 0.327      ;
; 0.207 ; UART_RX:u_rx|serial_to_parallel:u_s2p|q[5]            ; UART_RX:u_rx|serial_to_parallel:u_s2p|q[4]            ; clk          ; clk         ; 0.000        ; 0.036      ; 0.327      ;
; 0.255 ; UART_TX:u_tx|parallel_to_serial:u_p2s|data_in_load[1] ; UART_TX:u_tx|parallel_to_serial:u_p2s|data_in_load[0] ; clk          ; clk         ; 0.000        ; 0.036      ; 0.375      ;
; 0.295 ; UART_TX:u_tx|parallel_to_serial:u_p2s|data_in_load[6] ; UART_TX:u_tx|parallel_to_serial:u_p2s|data_in_load[5] ; clk          ; clk         ; 0.000        ; 0.036      ; 0.415      ;
; 0.296 ; UART_TX:u_tx|parallel_to_serial:u_p2s|data_in_load[4] ; UART_TX:u_tx|parallel_to_serial:u_p2s|data_in_load[3] ; clk          ; clk         ; 0.000        ; 0.036      ; 0.416      ;
; 0.296 ; UART_TX:u_tx|parallel_to_serial:u_p2s|data_in_load[5] ; UART_TX:u_tx|parallel_to_serial:u_p2s|data_in_load[4] ; clk          ; clk         ; 0.000        ; 0.036      ; 0.416      ;
; 0.297 ; UART_TX:u_tx|parallel_to_serial:u_p2s|data_in_load[3] ; UART_TX:u_tx|parallel_to_serial:u_p2s|data_in_load[2] ; clk          ; clk         ; 0.000        ; 0.036      ; 0.417      ;
; 0.299 ; UART_TX:u_tx|parallel_to_serial:u_p2s|data_in_load[2] ; UART_TX:u_tx|parallel_to_serial:u_p2s|data_in_load[1] ; clk          ; clk         ; 0.000        ; 0.036      ; 0.419      ;
; 0.299 ; UART_RX:u_rx|count[1]                                 ; UART_RX:u_rx|count[2]                                 ; clk          ; clk         ; 0.000        ; 0.036      ; 0.419      ;
; 0.303 ; UART_TX:u_tx|baudrate_gen:u_brg|counter[15]           ; UART_TX:u_tx|baudrate_gen:u_brg|counter[15]           ; clk          ; clk         ; 0.000        ; 0.036      ; 0.423      ;
; 0.304 ; UART_TX:u_tx|baudrate_gen:u_brg|counter[31]           ; UART_TX:u_tx|baudrate_gen:u_brg|counter[31]           ; clk          ; clk         ; 0.000        ; 0.036      ; 0.424      ;
; 0.304 ; UART_TX:u_tx|baudrate_gen:u_brg|counter[3]            ; UART_TX:u_tx|baudrate_gen:u_brg|counter[3]            ; clk          ; clk         ; 0.000        ; 0.036      ; 0.424      ;
; 0.304 ; UART_TX:u_tx|baudrate_gen:u_brg|counter[5]            ; UART_TX:u_tx|baudrate_gen:u_brg|counter[5]            ; clk          ; clk         ; 0.000        ; 0.036      ; 0.424      ;
; 0.304 ; UART_TX:u_tx|baudrate_gen:u_brg|counter[13]           ; UART_TX:u_tx|baudrate_gen:u_brg|counter[13]           ; clk          ; clk         ; 0.000        ; 0.036      ; 0.424      ;
; 0.305 ; UART_TX:u_tx|baudrate_gen:u_brg|counter[1]            ; UART_TX:u_tx|baudrate_gen:u_brg|counter[1]            ; clk          ; clk         ; 0.000        ; 0.036      ; 0.425      ;
; 0.305 ; UART_TX:u_tx|baudrate_gen:u_brg|counter[6]            ; UART_TX:u_tx|baudrate_gen:u_brg|counter[6]            ; clk          ; clk         ; 0.000        ; 0.036      ; 0.425      ;
; 0.305 ; UART_TX:u_tx|baudrate_gen:u_brg|counter[7]            ; UART_TX:u_tx|baudrate_gen:u_brg|counter[7]            ; clk          ; clk         ; 0.000        ; 0.036      ; 0.425      ;
; 0.305 ; UART_TX:u_tx|baudrate_gen:u_brg|counter[11]           ; UART_TX:u_tx|baudrate_gen:u_brg|counter[11]           ; clk          ; clk         ; 0.000        ; 0.036      ; 0.425      ;
; 0.305 ; UART_TX:u_tx|baudrate_gen:u_brg|counter[17]           ; UART_TX:u_tx|baudrate_gen:u_brg|counter[17]           ; clk          ; clk         ; 0.000        ; 0.036      ; 0.425      ;
; 0.305 ; UART_TX:u_tx|baudrate_gen:u_brg|counter[21]           ; UART_TX:u_tx|baudrate_gen:u_brg|counter[21]           ; clk          ; clk         ; 0.000        ; 0.036      ; 0.425      ;
; 0.305 ; UART_TX:u_tx|baudrate_gen:u_brg|counter[27]           ; UART_TX:u_tx|baudrate_gen:u_brg|counter[27]           ; clk          ; clk         ; 0.000        ; 0.036      ; 0.425      ;
; 0.305 ; UART_TX:u_tx|baudrate_gen:u_brg|counter[29]           ; UART_TX:u_tx|baudrate_gen:u_brg|counter[29]           ; clk          ; clk         ; 0.000        ; 0.036      ; 0.425      ;
; 0.305 ; UART_TX:u_tx|count[0]                                 ; UART_TX:u_tx|count[2]                                 ; clk          ; clk         ; 0.000        ; 0.036      ; 0.425      ;
; 0.305 ; UART_TX:u_tx|count[0]                                 ; UART_TX:u_tx|count[1]                                 ; clk          ; clk         ; 0.000        ; 0.036      ; 0.425      ;
; 0.306 ; UART_TX:u_tx|baudrate_gen:u_brg|counter[2]            ; UART_TX:u_tx|baudrate_gen:u_brg|counter[2]            ; clk          ; clk         ; 0.000        ; 0.036      ; 0.426      ;
; 0.306 ; UART_TX:u_tx|baudrate_gen:u_brg|counter[8]            ; UART_TX:u_tx|baudrate_gen:u_brg|counter[8]            ; clk          ; clk         ; 0.000        ; 0.036      ; 0.426      ;
; 0.306 ; UART_TX:u_tx|baudrate_gen:u_brg|counter[9]            ; UART_TX:u_tx|baudrate_gen:u_brg|counter[9]            ; clk          ; clk         ; 0.000        ; 0.036      ; 0.426      ;
; 0.306 ; UART_TX:u_tx|baudrate_gen:u_brg|counter[14]           ; UART_TX:u_tx|baudrate_gen:u_brg|counter[14]           ; clk          ; clk         ; 0.000        ; 0.036      ; 0.426      ;
; 0.306 ; UART_TX:u_tx|baudrate_gen:u_brg|counter[16]           ; UART_TX:u_tx|baudrate_gen:u_brg|counter[16]           ; clk          ; clk         ; 0.000        ; 0.036      ; 0.426      ;
; 0.306 ; UART_TX:u_tx|baudrate_gen:u_brg|counter[22]           ; UART_TX:u_tx|baudrate_gen:u_brg|counter[22]           ; clk          ; clk         ; 0.000        ; 0.036      ; 0.426      ;
; 0.306 ; UART_TX:u_tx|baudrate_gen:u_brg|counter[23]           ; UART_TX:u_tx|baudrate_gen:u_brg|counter[23]           ; clk          ; clk         ; 0.000        ; 0.036      ; 0.426      ;
; 0.306 ; UART_TX:u_tx|baudrate_gen:u_brg|counter[25]           ; UART_TX:u_tx|baudrate_gen:u_brg|counter[25]           ; clk          ; clk         ; 0.000        ; 0.036      ; 0.426      ;
; 0.307 ; UART_TX:u_tx|parallel_to_serial:u_p2s|data_in_load[0] ; UART_TX:u_tx|data_out_r                               ; clk          ; clk         ; 0.000        ; 0.036      ; 0.427      ;
; 0.307 ; UART_TX:u_tx|baudrate_gen:u_brg|counter[20]           ; UART_TX:u_tx|baudrate_gen:u_brg|counter[20]           ; clk          ; clk         ; 0.000        ; 0.036      ; 0.427      ;
; 0.307 ; UART_TX:u_tx|baudrate_gen:u_brg|counter[4]            ; UART_TX:u_tx|baudrate_gen:u_brg|counter[4]            ; clk          ; clk         ; 0.000        ; 0.036      ; 0.427      ;
; 0.307 ; UART_TX:u_tx|baudrate_gen:u_brg|counter[10]           ; UART_TX:u_tx|baudrate_gen:u_brg|counter[10]           ; clk          ; clk         ; 0.000        ; 0.036      ; 0.427      ;
; 0.307 ; UART_TX:u_tx|baudrate_gen:u_brg|counter[12]           ; UART_TX:u_tx|baudrate_gen:u_brg|counter[12]           ; clk          ; clk         ; 0.000        ; 0.036      ; 0.427      ;
; 0.307 ; UART_TX:u_tx|baudrate_gen:u_brg|counter[18]           ; UART_TX:u_tx|baudrate_gen:u_brg|counter[18]           ; clk          ; clk         ; 0.000        ; 0.036      ; 0.427      ;
; 0.307 ; UART_TX:u_tx|baudrate_gen:u_brg|counter[30]           ; UART_TX:u_tx|baudrate_gen:u_brg|counter[30]           ; clk          ; clk         ; 0.000        ; 0.036      ; 0.427      ;
; 0.307 ; UART_TX:u_tx|baudrate_gen:u_brg|counter[24]           ; UART_TX:u_tx|baudrate_gen:u_brg|counter[24]           ; clk          ; clk         ; 0.000        ; 0.036      ; 0.427      ;
; 0.308 ; UART_TX:u_tx|parallel_to_serial:u_p2s|data_in_load[7] ; UART_TX:u_tx|parallel_to_serial:u_p2s|data_in_load[6] ; clk          ; clk         ; 0.000        ; 0.036      ; 0.428      ;
; 0.308 ; UART_TX:u_tx|baudrate_gen:u_brg|counter[26]           ; UART_TX:u_tx|baudrate_gen:u_brg|counter[26]           ; clk          ; clk         ; 0.000        ; 0.036      ; 0.428      ;
; 0.308 ; UART_TX:u_tx|baudrate_gen:u_brg|counter[28]           ; UART_TX:u_tx|baudrate_gen:u_brg|counter[28]           ; clk          ; clk         ; 0.000        ; 0.036      ; 0.428      ;
; 0.315 ; UART_TX:u_tx|state.STOP_BIT                           ; UART_TX:u_tx|data_out_r                               ; clk          ; clk         ; 0.000        ; 0.036      ; 0.435      ;
; 0.316 ; UART_TX:u_tx|baudrate_gen:u_brg|counter[0]            ; UART_TX:u_tx|baudrate_gen:u_brg|counter[0]            ; clk          ; clk         ; 0.000        ; 0.036      ; 0.436      ;
; 0.338 ; UART_RX:u_rx|data_in_meta                             ; UART_RX:u_rx|data_in_sync                             ; clk          ; clk         ; 0.000        ; 0.036      ; 0.458      ;
; 0.383 ; UART_RX:u_rx|data_in_sync                             ; UART_RX:u_rx|serial_to_parallel:u_s2p|q[7]            ; clk          ; clk         ; 0.000        ; 0.037      ; 0.504      ;
; 0.399 ; UART_TX:u_tx|state.DATA_BITS                          ; UART_TX:u_tx|count[0]                                 ; clk          ; clk         ; 0.000        ; 0.036      ; 0.519      ;
; 0.402 ; UART_TX:u_tx|state.DATA_BITS                          ; UART_TX:u_tx|count[1]                                 ; clk          ; clk         ; 0.000        ; 0.036      ; 0.522      ;
; 0.406 ; UART_RX:u_rx|state.IDLE                               ; UART_RX:u_rx|rx_busy_r                                ; clk          ; clk         ; 0.000        ; 0.036      ; 0.526      ;
; 0.430 ; UART_RX:u_rx|state.STOP_BIT                           ; UART_RX:u_rx|rx_valid_r                               ; clk          ; clk         ; 0.000        ; 0.036      ; 0.550      ;
; 0.452 ; UART_TX:u_tx|baudrate_gen:u_brg|counter[15]           ; UART_TX:u_tx|baudrate_gen:u_brg|counter[16]           ; clk          ; clk         ; 0.000        ; 0.036      ; 0.572      ;
; 0.453 ; UART_TX:u_tx|baudrate_gen:u_brg|counter[5]            ; UART_TX:u_tx|baudrate_gen:u_brg|counter[6]            ; clk          ; clk         ; 0.000        ; 0.036      ; 0.573      ;
; 0.453 ; UART_TX:u_tx|baudrate_gen:u_brg|counter[13]           ; UART_TX:u_tx|baudrate_gen:u_brg|counter[14]           ; clk          ; clk         ; 0.000        ; 0.036      ; 0.573      ;
; 0.453 ; UART_TX:u_tx|baudrate_gen:u_brg|counter[3]            ; UART_TX:u_tx|baudrate_gen:u_brg|counter[4]            ; clk          ; clk         ; 0.000        ; 0.036      ; 0.573      ;
; 0.454 ; UART_TX:u_tx|baudrate_gen:u_brg|counter[1]            ; UART_TX:u_tx|baudrate_gen:u_brg|counter[2]            ; clk          ; clk         ; 0.000        ; 0.036      ; 0.574      ;
; 0.454 ; UART_TX:u_tx|baudrate_gen:u_brg|counter[7]            ; UART_TX:u_tx|baudrate_gen:u_brg|counter[8]            ; clk          ; clk         ; 0.000        ; 0.036      ; 0.574      ;
; 0.454 ; UART_TX:u_tx|baudrate_gen:u_brg|counter[21]           ; UART_TX:u_tx|baudrate_gen:u_brg|counter[22]           ; clk          ; clk         ; 0.000        ; 0.036      ; 0.574      ;
; 0.454 ; UART_TX:u_tx|baudrate_gen:u_brg|counter[11]           ; UART_TX:u_tx|baudrate_gen:u_brg|counter[12]           ; clk          ; clk         ; 0.000        ; 0.036      ; 0.574      ;
; 0.454 ; UART_TX:u_tx|baudrate_gen:u_brg|counter[17]           ; UART_TX:u_tx|baudrate_gen:u_brg|counter[18]           ; clk          ; clk         ; 0.000        ; 0.036      ; 0.574      ;
; 0.454 ; UART_TX:u_tx|baudrate_gen:u_brg|counter[29]           ; UART_TX:u_tx|baudrate_gen:u_brg|counter[30]           ; clk          ; clk         ; 0.000        ; 0.036      ; 0.574      ;
; 0.454 ; UART_TX:u_tx|baudrate_gen:u_brg|counter[27]           ; UART_TX:u_tx|baudrate_gen:u_brg|counter[28]           ; clk          ; clk         ; 0.000        ; 0.036      ; 0.574      ;
; 0.455 ; UART_TX:u_tx|baudrate_gen:u_brg|counter[9]            ; UART_TX:u_tx|baudrate_gen:u_brg|counter[10]           ; clk          ; clk         ; 0.000        ; 0.036      ; 0.575      ;
; 0.455 ; UART_TX:u_tx|baudrate_gen:u_brg|counter[23]           ; UART_TX:u_tx|baudrate_gen:u_brg|counter[24]           ; clk          ; clk         ; 0.000        ; 0.036      ; 0.575      ;
; 0.455 ; UART_TX:u_tx|baudrate_gen:u_brg|counter[25]           ; UART_TX:u_tx|baudrate_gen:u_brg|counter[26]           ; clk          ; clk         ; 0.000        ; 0.036      ; 0.575      ;
; 0.463 ; UART_TX:u_tx|baudrate_gen:u_brg|counter[0]            ; UART_TX:u_tx|baudrate_gen:u_brg|counter[1]            ; clk          ; clk         ; 0.000        ; 0.036      ; 0.583      ;
; 0.463 ; UART_TX:u_tx|baudrate_gen:u_brg|counter[6]            ; UART_TX:u_tx|baudrate_gen:u_brg|counter[7]            ; clk          ; clk         ; 0.000        ; 0.036      ; 0.583      ;
; 0.464 ; UART_TX:u_tx|baudrate_gen:u_brg|counter[14]           ; UART_TX:u_tx|baudrate_gen:u_brg|counter[15]           ; clk          ; clk         ; 0.000        ; 0.036      ; 0.584      ;
; 0.464 ; UART_TX:u_tx|baudrate_gen:u_brg|counter[2]            ; UART_TX:u_tx|baudrate_gen:u_brg|counter[3]            ; clk          ; clk         ; 0.000        ; 0.036      ; 0.584      ;
; 0.464 ; UART_TX:u_tx|baudrate_gen:u_brg|counter[16]           ; UART_TX:u_tx|baudrate_gen:u_brg|counter[17]           ; clk          ; clk         ; 0.000        ; 0.036      ; 0.584      ;
; 0.464 ; UART_TX:u_tx|baudrate_gen:u_brg|counter[8]            ; UART_TX:u_tx|baudrate_gen:u_brg|counter[9]            ; clk          ; clk         ; 0.000        ; 0.036      ; 0.584      ;
; 0.464 ; UART_TX:u_tx|baudrate_gen:u_brg|counter[22]           ; UART_TX:u_tx|baudrate_gen:u_brg|counter[23]           ; clk          ; clk         ; 0.000        ; 0.036      ; 0.584      ;
; 0.465 ; UART_TX:u_tx|baudrate_gen:u_brg|counter[30]           ; UART_TX:u_tx|baudrate_gen:u_brg|counter[31]           ; clk          ; clk         ; 0.000        ; 0.036      ; 0.585      ;
; 0.465 ; UART_TX:u_tx|baudrate_gen:u_brg|counter[4]            ; UART_TX:u_tx|baudrate_gen:u_brg|counter[5]            ; clk          ; clk         ; 0.000        ; 0.036      ; 0.585      ;
; 0.465 ; UART_TX:u_tx|baudrate_gen:u_brg|counter[12]           ; UART_TX:u_tx|baudrate_gen:u_brg|counter[13]           ; clk          ; clk         ; 0.000        ; 0.036      ; 0.585      ;
; 0.465 ; UART_TX:u_tx|baudrate_gen:u_brg|counter[10]           ; UART_TX:u_tx|baudrate_gen:u_brg|counter[11]           ; clk          ; clk         ; 0.000        ; 0.036      ; 0.585      ;
; 0.465 ; UART_TX:u_tx|baudrate_gen:u_brg|counter[20]           ; UART_TX:u_tx|baudrate_gen:u_brg|counter[21]           ; clk          ; clk         ; 0.000        ; 0.036      ; 0.585      ;
; 0.465 ; UART_TX:u_tx|baudrate_gen:u_brg|counter[24]           ; UART_TX:u_tx|baudrate_gen:u_brg|counter[25]           ; clk          ; clk         ; 0.000        ; 0.036      ; 0.585      ;
+-------+-------------------------------------------------------+-------------------------------------------------------+--------------+-------------+--------------+------------+------------+


----------------------------------------------
; Fast 1200mV 0C Model Metastability Summary ;
----------------------------------------------
No synchronizer chains to report.


+--------------------------------------------------------------------------------+
; Multicorner Timing Analysis Summary                                            ;
+------------------+----------+-------+----------+---------+---------------------+
; Clock            ; Setup    ; Hold  ; Recovery ; Removal ; Minimum Pulse Width ;
+------------------+----------+-------+----------+---------+---------------------+
; Worst-case Slack ; -4.549   ; 0.186 ; N/A      ; N/A     ; -3.000              ;
;  clk             ; -4.549   ; 0.186 ; N/A      ; N/A     ; -3.000              ;
; Design-wide TNS  ; -370.007 ; 0.0   ; 0.0      ; 0.0     ; -153.187            ;
;  clk             ; -370.007 ; 0.000 ; N/A      ; N/A     ; -153.187            ;
+------------------+----------+-------+----------+---------+---------------------+


+--------------------------------------------------------------------------------------------------------------------------------------------------------------------------------------------------------------------------------------------------------------------------------------------------------------------------------------------------------------------------------------------------------------------+
; Board Trace Model Assignments                                                                                                                                                                                                                                                                                                                                                                                      ;
+-----------------+--------------+-------------------+-------------------------+-------------------------+---------------+---------------------+----------------+------------------+--------+------------------+------------------------+------------------------+--------------+---------------+-----------------+-------+---------------------+--------------------+---------------+-----------------+-------------+
; Pin             ; I/O Standard ; Near Tline Length ; Near Tline L per Length ; Near Tline C per Length ; Near Series R ; Near Differential R ; Near Pull-up R ; Near Pull-down R ; Near C ; Far Tline Length ; Far Tline L per Length ; Far Tline C per Length ; Far Series R ; Far Pull-up R ; Far Pull-down R ; Far C ; Termination Voltage ; Far Differential R ; EBD File Name ; EBD Signal Name ; EBD Far-end ;
+-----------------+--------------+-------------------+-------------------------+-------------------------+---------------+---------------------+----------------+------------------+--------+------------------+------------------------+------------------------+--------------+---------------+-----------------+-------+---------------------+--------------------+---------------+-----------------+-------------+
; tx_busy         ; 2.5 V        ; 0 in              ; 0 H/in                  ; 0 F/in                  ; short         ; -                   ; open           ; open             ; open   ; 0 in             ; 0 H/in                 ; 0 F/in                 ; short        ; open          ; open            ; open  ; 0 V                 ; -                  ; n/a           ; n/a             ; n/a         ;
; rx_busy         ; 2.5 V        ; 0 in              ; 0 H/in                  ; 0 F/in                  ; short         ; -                   ; open           ; open             ; open   ; 0 in             ; 0 H/in                 ; 0 F/in                 ; short        ; open          ; open            ; open  ; 0 V                 ; -                  ; n/a           ; n/a             ; n/a         ;
; rx_valid        ; 2.5 V        ; 0 in              ; 0 H/in                  ; 0 F/in                  ; short         ; -                   ; open           ; open             ; open   ; 0 in             ; 0 H/in                 ; 0 F/in                 ; short        ; open          ; open            ; open  ; 0 V                 ; -                  ; n/a           ; n/a             ; n/a         ;
; data_rx_buff[0] ; 2.5 V        ; 0 in              ; 0 H/in                  ; 0 F/in                  ; short         ; -                   ; open           ; open             ; open   ; 0 in             ; 0 H/in                 ; 0 F/in                 ; short        ; open          ; open            ; open  ; 0 V                 ; -                  ; n/a           ; n/a             ; n/a         ;
; data_rx_buff[1] ; 2.5 V        ; 0 in              ; 0 H/in                  ; 0 F/in                  ; short         ; -                   ; open           ; open             ; open   ; 0 in             ; 0 H/in                 ; 0 F/in                 ; short        ; open          ; open            ; open  ; 0 V                 ; -                  ; n/a           ; n/a             ; n/a         ;
; data_rx_buff[2] ; 2.5 V        ; 0 in              ; 0 H/in                  ; 0 F/in                  ; short         ; -                   ; open           ; open             ; open   ; 0 in             ; 0 H/in                 ; 0 F/in                 ; short        ; open          ; open            ; open  ; 0 V                 ; -                  ; n/a           ; n/a             ; n/a         ;
; data_rx_buff[3] ; 2.5 V        ; 0 in              ; 0 H/in                  ; 0 F/in                  ; short         ; -                   ; open           ; open             ; open   ; 0 in             ; 0 H/in                 ; 0 F/in                 ; short        ; open          ; open            ; open  ; 0 V                 ; -                  ; n/a           ; n/a             ; n/a         ;
; data_rx_buff[4] ; 2.5 V        ; 0 in              ; 0 H/in                  ; 0 F/in                  ; short         ; -                   ; open           ; open             ; open   ; 0 in             ; 0 H/in                 ; 0 F/in                 ; short        ; open          ; open            ; open  ; 0 V                 ; -                  ; n/a           ; n/a             ; n/a         ;
; data_rx_buff[5] ; 2.5 V        ; 0 in              ; 0 H/in                  ; 0 F/in                  ; short         ; -                   ; open           ; open             ; open   ; 0 in             ; 0 H/in                 ; 0 F/in                 ; short        ; open          ; open            ; open  ; 0 V                 ; -                  ; n/a           ; n/a             ; n/a         ;
; data_rx_buff[6] ; 2.5 V        ; 0 in              ; 0 H/in                  ; 0 F/in                  ; short         ; -                   ; open           ; open             ; open   ; 0 in             ; 0 H/in                 ; 0 F/in                 ; short        ; open          ; open            ; open  ; 0 V                 ; -                  ; n/a           ; n/a             ; n/a         ;
; data_rx_buff[7] ; 2.5 V        ; 0 in              ; 0 H/in                  ; 0 F/in                  ; short         ; -                   ; open           ; open             ; open   ; 0 in             ; 0 H/in                 ; 0 F/in                 ; short        ; open          ; open            ; open  ; 0 V                 ; -                  ; n/a           ; n/a             ; n/a         ;
; data_line_tx    ; 2.5 V        ; 0 in              ; 0 H/in                  ; 0 F/in                  ; short         ; -                   ; open           ; open             ; open   ; 0 in             ; 0 H/in                 ; 0 F/in                 ; short        ; open          ; open            ; open  ; 0 V                 ; -                  ; n/a           ; n/a             ; n/a         ;
; ~ALTERA_DCLK~   ; 2.5 V        ; 0 in              ; 0 H/in                  ; 0 F/in                  ; short         ; -                   ; open           ; open             ; open   ; 0 in             ; 0 H/in                 ; 0 F/in                 ; short        ; open          ; open            ; open  ; 0 V                 ; -                  ; n/a           ; n/a             ; n/a         ;
; ~ALTERA_nCEO~   ; 2.5 V        ; 0 in              ; 0 H/in                  ; 0 F/in                  ; short         ; -                   ; open           ; open             ; open   ; 0 in             ; 0 H/in                 ; 0 F/in                 ; short        ; open          ; open            ; open  ; 0 V                 ; -                  ; n/a           ; n/a             ; n/a         ;
+-----------------+--------------+-------------------+-------------------------+-------------------------+---------------+---------------------+----------------+------------------+--------+------------------+------------------------+------------------------+--------------+---------------+-----------------+-------+---------------------+--------------------+---------------+-----------------+-------------+


+----------------------------------------------------------------------------+
; Input Transition Times                                                     ;
+-------------------------+--------------+-----------------+-----------------+
; Pin                     ; I/O Standard ; 10-90 Rise Time ; 90-10 Fall Time ;
+-------------------------+--------------+-----------------+-----------------+
; rst_n                   ; 2.5 V        ; 2000 ps         ; 2000 ps         ;
; clk                     ; 2.5 V        ; 2000 ps         ; 2000 ps         ;
; w                       ; 2.5 V        ; 2000 ps         ; 2000 ps         ;
; r                       ; 2.5 V        ; 2000 ps         ; 2000 ps         ;
; data_tx_buff[0]         ; 2.5 V        ; 2000 ps         ; 2000 ps         ;
; data_line_rx            ; 2.5 V        ; 2000 ps         ; 2000 ps         ;
; data_tx_buff[1]         ; 2.5 V        ; 2000 ps         ; 2000 ps         ;
; data_tx_buff[2]         ; 2.5 V        ; 2000 ps         ; 2000 ps         ;
; data_tx_buff[3]         ; 2.5 V        ; 2000 ps         ; 2000 ps         ;
; data_tx_buff[4]         ; 2.5 V        ; 2000 ps         ; 2000 ps         ;
; data_tx_buff[5]         ; 2.5 V        ; 2000 ps         ; 2000 ps         ;
; data_tx_buff[6]         ; 2.5 V        ; 2000 ps         ; 2000 ps         ;
; data_tx_buff[7]         ; 2.5 V        ; 2000 ps         ; 2000 ps         ;
; ~ALTERA_ASDO_DATA1~     ; 2.5 V        ; 2000 ps         ; 2000 ps         ;
; ~ALTERA_FLASH_nCE_nCSO~ ; 2.5 V        ; 2000 ps         ; 2000 ps         ;
; ~ALTERA_DATA0~          ; 2.5 V        ; 2000 ps         ; 2000 ps         ;
+-------------------------+--------------+-----------------+-----------------+


+----------------------------------------------------------------------------------------------------------------------------------------------------------------------------------------------------------------------------------------------------------------------------------------------------------------------------------------------------------------------------------------------------------------------------------------------------------------------------------------------------------------------------------------------------------------------------------------------------------------------------------------------------------------------------------------------+
; Signal Integrity Metrics (Slow 1200mv 0c Model)                                                                                                                                                                                                                                                                                                                                                                                                                                                                                                                                                                                                                                              ;
+-----------------+--------------+---------------------+---------------------+------------------------------+------------------------------+---------------------+---------------------+--------------------------------------+--------------------------------------+-----------------------------+-----------------------------+----------------------------+----------------------------+-----------------------------+-----------------------------+--------------------+--------------------+-------------------------------------+-------------------------------------+----------------------------+----------------------------+---------------------------+---------------------------+
; Pin             ; I/O Standard ; Board Delay on Rise ; Board Delay on Fall ; Steady State Voh at FPGA Pin ; Steady State Vol at FPGA Pin ; Voh Max at FPGA Pin ; Vol Min at FPGA Pin ; Ringback Voltage on Rise at FPGA Pin ; Ringback Voltage on Fall at FPGA Pin ; 10-90 Rise Time at FPGA Pin ; 90-10 Fall Time at FPGA Pin ; Monotonic Rise at FPGA Pin ; Monotonic Fall at FPGA Pin ; Steady State Voh at Far-end ; Steady State Vol at Far-end ; Voh Max at Far-end ; Vol Min at Far-end ; Ringback Voltage on Rise at Far-end ; Ringback Voltage on Fall at Far-end ; 10-90 Rise Time at Far-end ; 90-10 Fall Time at Far-end ; Monotonic Rise at Far-end ; Monotonic Fall at Far-end ;
+-----------------+--------------+---------------------+---------------------+------------------------------+------------------------------+---------------------+---------------------+--------------------------------------+--------------------------------------+-----------------------------+-----------------------------+----------------------------+----------------------------+-----------------------------+-----------------------------+--------------------+--------------------+-------------------------------------+-------------------------------------+----------------------------+----------------------------+---------------------------+---------------------------+
; tx_busy         ; 2.5 V        ; 0 s                 ; 0 s                 ; 2.32 V                       ; 2.07e-09 V                   ; 2.36 V              ; -0.00737 V          ; 0.209 V                              ; 0.012 V                              ; 5.22e-10 s                  ; 5.33e-10 s                  ; Yes                        ; Yes                        ; 2.32 V                      ; 2.07e-09 V                  ; 2.36 V             ; -0.00737 V         ; 0.209 V                             ; 0.012 V                             ; 5.22e-10 s                 ; 5.33e-10 s                 ; Yes                       ; Yes                       ;
; rx_busy         ; 2.5 V        ; 0 s                 ; 0 s                 ; 2.32 V                       ; 2.8e-09 V                    ; 2.37 V              ; -0.00373 V          ; 0.104 V                              ; 0.011 V                              ; 4.34e-10 s                  ; 3.82e-10 s                  ; Yes                        ; Yes                        ; 2.32 V                      ; 2.8e-09 V                   ; 2.37 V             ; -0.00373 V         ; 0.104 V                             ; 0.011 V                             ; 4.34e-10 s                 ; 3.82e-10 s                 ; Yes                       ; Yes                       ;
; rx_valid        ; 2.5 V        ; 0 s                 ; 0 s                 ; 2.32 V                       ; 2.8e-09 V                    ; 2.37 V              ; -0.00373 V          ; 0.104 V                              ; 0.011 V                              ; 4.34e-10 s                  ; 3.82e-10 s                  ; Yes                        ; Yes                        ; 2.32 V                      ; 2.8e-09 V                   ; 2.37 V             ; -0.00373 V         ; 0.104 V                             ; 0.011 V                             ; 4.34e-10 s                 ; 3.82e-10 s                 ; Yes                       ; Yes                       ;
; data_rx_buff[0] ; 2.5 V        ; 0 s                 ; 0 s                 ; 2.32 V                       ; 2.8e-09 V                    ; 2.37 V              ; -0.00373 V          ; 0.104 V                              ; 0.011 V                              ; 4.34e-10 s                  ; 3.82e-10 s                  ; Yes                        ; Yes                        ; 2.32 V                      ; 2.8e-09 V                   ; 2.37 V             ; -0.00373 V         ; 0.104 V                             ; 0.011 V                             ; 4.34e-10 s                 ; 3.82e-10 s                 ; Yes                       ; Yes                       ;
; data_rx_buff[1] ; 2.5 V        ; 0 s                 ; 0 s                 ; 2.32 V                       ; 2.8e-09 V                    ; 2.37 V              ; -0.00373 V          ; 0.104 V                              ; 0.011 V                              ; 4.34e-10 s                  ; 3.82e-10 s                  ; Yes                        ; Yes                        ; 2.32 V                      ; 2.8e-09 V                   ; 2.37 V             ; -0.00373 V         ; 0.104 V                             ; 0.011 V                             ; 4.34e-10 s                 ; 3.82e-10 s                 ; Yes                       ; Yes                       ;
; data_rx_buff[2] ; 2.5 V        ; 0 s                 ; 0 s                 ; 2.32 V                       ; 2.8e-09 V                    ; 2.37 V              ; -0.00373 V          ; 0.104 V                              ; 0.011 V                              ; 4.34e-10 s                  ; 3.82e-10 s                  ; Yes                        ; Yes                        ; 2.32 V                      ; 2.8e-09 V                   ; 2.37 V             ; -0.00373 V         ; 0.104 V                             ; 0.011 V                             ; 4.34e-10 s                 ; 3.82e-10 s                 ; Yes                       ; Yes                       ;
; data_rx_buff[3] ; 2.5 V        ; 0 s                 ; 0 s                 ; 2.32 V                       ; 2.8e-09 V                    ; 2.37 V              ; -0.00373 V          ; 0.104 V                              ; 0.011 V                              ; 4.34e-10 s                  ; 3.82e-10 s                  ; Yes                        ; Yes                        ; 2.32 V                      ; 2.8e-09 V                   ; 2.37 V             ; -0.00373 V         ; 0.104 V                             ; 0.011 V                             ; 4.34e-10 s                 ; 3.82e-10 s                 ; Yes                       ; Yes                       ;
; data_rx_buff[4] ; 2.5 V        ; 0 s                 ; 0 s                 ; 2.32 V                       ; 2.8e-09 V                    ; 2.33 V              ; -0.00425 V          ; 0.168 V                              ; 0.058 V                              ; 3.12e-09 s                  ; 2.87e-09 s                  ; Yes                        ; Yes                        ; 2.32 V                      ; 2.8e-09 V                   ; 2.33 V             ; -0.00425 V         ; 0.168 V                             ; 0.058 V                             ; 3.12e-09 s                 ; 2.87e-09 s                 ; Yes                       ; Yes                       ;
; data_rx_buff[5] ; 2.5 V        ; 0 s                 ; 0 s                 ; 2.32 V                       ; 2.07e-09 V                   ; 2.38 V              ; -0.0073 V           ; 0.097 V                              ; 0.018 V                              ; 4.24e-10 s                  ; 3.65e-10 s                  ; No                         ; Yes                        ; 2.32 V                      ; 2.07e-09 V                  ; 2.38 V             ; -0.0073 V          ; 0.097 V                             ; 0.018 V                             ; 4.24e-10 s                 ; 3.65e-10 s                 ; No                        ; Yes                       ;
; data_rx_buff[6] ; 2.5 V        ; 0 s                 ; 0 s                 ; 2.32 V                       ; 2.8e-09 V                    ; 2.37 V              ; -0.00373 V          ; 0.104 V                              ; 0.011 V                              ; 4.34e-10 s                  ; 3.82e-10 s                  ; Yes                        ; Yes                        ; 2.32 V                      ; 2.8e-09 V                   ; 2.37 V             ; -0.00373 V         ; 0.104 V                             ; 0.011 V                             ; 4.34e-10 s                 ; 3.82e-10 s                 ; Yes                       ; Yes                       ;
; data_rx_buff[7] ; 2.5 V        ; 0 s                 ; 0 s                 ; 2.32 V                       ; 2.8e-09 V                    ; 2.37 V              ; -0.00373 V          ; 0.104 V                              ; 0.011 V                              ; 4.34e-10 s                  ; 3.82e-10 s                  ; Yes                        ; Yes                        ; 2.32 V                      ; 2.8e-09 V                   ; 2.37 V             ; -0.00373 V         ; 0.104 V                             ; 0.011 V                             ; 4.34e-10 s                 ; 3.82e-10 s                 ; Yes                       ; Yes                       ;
; data_line_tx    ; 2.5 V        ; 0 s                 ; 0 s                 ; 2.32 V                       ; 2.07e-09 V                   ; 2.33 V              ; -0.00421 V          ; 0.165 V                              ; 0.078 V                              ; 3.11e-09 s                  ; 2.85e-09 s                  ; Yes                        ; Yes                        ; 2.32 V                      ; 2.07e-09 V                  ; 2.33 V             ; -0.00421 V         ; 0.165 V                             ; 0.078 V                             ; 3.11e-09 s                 ; 2.85e-09 s                 ; Yes                       ; Yes                       ;
; ~ALTERA_DCLK~   ; 2.5 V        ; 0 s                 ; 0 s                 ; 2.32 V                       ; 1.74e-09 V                   ; 2.37 V              ; -0.0346 V           ; 0.198 V                              ; 0.094 V                              ; 3.14e-10 s                  ; 2.92e-10 s                  ; Yes                        ; Yes                        ; 2.32 V                      ; 1.74e-09 V                  ; 2.37 V             ; -0.0346 V          ; 0.198 V                             ; 0.094 V                             ; 3.14e-10 s                 ; 2.92e-10 s                 ; Yes                       ; Yes                       ;
; ~ALTERA_nCEO~   ; 2.5 V        ; 0 s                 ; 0 s                 ; 2.32 V                       ; 2.57e-09 V                   ; 2.37 V              ; -0.00683 V          ; 0.171 V                              ; 0.018 V                              ; 4.97e-10 s                  ; 6.66e-10 s                  ; Yes                        ; Yes                        ; 2.32 V                      ; 2.57e-09 V                  ; 2.37 V             ; -0.00683 V         ; 0.171 V                             ; 0.018 V                             ; 4.97e-10 s                 ; 6.66e-10 s                 ; Yes                       ; Yes                       ;
+-----------------+--------------+---------------------+---------------------+------------------------------+------------------------------+---------------------+---------------------+--------------------------------------+--------------------------------------+-----------------------------+-----------------------------+----------------------------+----------------------------+-----------------------------+-----------------------------+--------------------+--------------------+-------------------------------------+-------------------------------------+----------------------------+----------------------------+---------------------------+---------------------------+


+----------------------------------------------------------------------------------------------------------------------------------------------------------------------------------------------------------------------------------------------------------------------------------------------------------------------------------------------------------------------------------------------------------------------------------------------------------------------------------------------------------------------------------------------------------------------------------------------------------------------------------------------------------------------------------------------+
; Signal Integrity Metrics (Slow 1200mv 85c Model)                                                                                                                                                                                                                                                                                                                                                                                                                                                                                                                                                                                                                                             ;
+-----------------+--------------+---------------------+---------------------+------------------------------+------------------------------+---------------------+---------------------+--------------------------------------+--------------------------------------+-----------------------------+-----------------------------+----------------------------+----------------------------+-----------------------------+-----------------------------+--------------------+--------------------+-------------------------------------+-------------------------------------+----------------------------+----------------------------+---------------------------+---------------------------+
; Pin             ; I/O Standard ; Board Delay on Rise ; Board Delay on Fall ; Steady State Voh at FPGA Pin ; Steady State Vol at FPGA Pin ; Voh Max at FPGA Pin ; Vol Min at FPGA Pin ; Ringback Voltage on Rise at FPGA Pin ; Ringback Voltage on Fall at FPGA Pin ; 10-90 Rise Time at FPGA Pin ; 90-10 Fall Time at FPGA Pin ; Monotonic Rise at FPGA Pin ; Monotonic Fall at FPGA Pin ; Steady State Voh at Far-end ; Steady State Vol at Far-end ; Voh Max at Far-end ; Vol Min at Far-end ; Ringback Voltage on Rise at Far-end ; Ringback Voltage on Fall at Far-end ; 10-90 Rise Time at Far-end ; 90-10 Fall Time at Far-end ; Monotonic Rise at Far-end ; Monotonic Fall at Far-end ;
+-----------------+--------------+---------------------+---------------------+------------------------------+------------------------------+---------------------+---------------------+--------------------------------------+--------------------------------------+-----------------------------+-----------------------------+----------------------------+----------------------------+-----------------------------+-----------------------------+--------------------+--------------------+-------------------------------------+-------------------------------------+----------------------------+----------------------------+---------------------------+---------------------------+
; tx_busy         ; 2.5 V        ; 0 s                 ; 0 s                 ; 2.32 V                       ; 1.93e-07 V                   ; 2.34 V              ; -0.00869 V          ; 0.14 V                               ; 0.046 V                              ; 6.89e-10 s                  ; 6.56e-10 s                  ; Yes                        ; Yes                        ; 2.32 V                      ; 1.93e-07 V                  ; 2.34 V             ; -0.00869 V         ; 0.14 V                              ; 0.046 V                             ; 6.89e-10 s                 ; 6.56e-10 s                 ; Yes                       ; Yes                       ;
; rx_busy         ; 2.5 V        ; 0 s                 ; 0 s                 ; 2.32 V                       ; 2.85e-07 V                   ; 2.35 V              ; -0.0123 V           ; 0.144 V                              ; 0.042 V                              ; 4.81e-10 s                  ; 4.81e-10 s                  ; Yes                        ; Yes                        ; 2.32 V                      ; 2.85e-07 V                  ; 2.35 V             ; -0.0123 V          ; 0.144 V                             ; 0.042 V                             ; 4.81e-10 s                 ; 4.81e-10 s                 ; Yes                       ; Yes                       ;
; rx_valid        ; 2.5 V        ; 0 s                 ; 0 s                 ; 2.32 V                       ; 2.85e-07 V                   ; 2.35 V              ; -0.0123 V           ; 0.144 V                              ; 0.042 V                              ; 4.81e-10 s                  ; 4.81e-10 s                  ; Yes                        ; Yes                        ; 2.32 V                      ; 2.85e-07 V                  ; 2.35 V             ; -0.0123 V          ; 0.144 V                             ; 0.042 V                             ; 4.81e-10 s                 ; 4.81e-10 s                 ; Yes                       ; Yes                       ;
; data_rx_buff[0] ; 2.5 V        ; 0 s                 ; 0 s                 ; 2.32 V                       ; 2.85e-07 V                   ; 2.35 V              ; -0.0123 V           ; 0.144 V                              ; 0.042 V                              ; 4.81e-10 s                  ; 4.81e-10 s                  ; Yes                        ; Yes                        ; 2.32 V                      ; 2.85e-07 V                  ; 2.35 V             ; -0.0123 V          ; 0.144 V                             ; 0.042 V                             ; 4.81e-10 s                 ; 4.81e-10 s                 ; Yes                       ; Yes                       ;
; data_rx_buff[1] ; 2.5 V        ; 0 s                 ; 0 s                 ; 2.32 V                       ; 2.85e-07 V                   ; 2.35 V              ; -0.0123 V           ; 0.144 V                              ; 0.042 V                              ; 4.81e-10 s                  ; 4.81e-10 s                  ; Yes                        ; Yes                        ; 2.32 V                      ; 2.85e-07 V                  ; 2.35 V             ; -0.0123 V          ; 0.144 V                             ; 0.042 V                             ; 4.81e-10 s                 ; 4.81e-10 s                 ; Yes                       ; Yes                       ;
; data_rx_buff[2] ; 2.5 V        ; 0 s                 ; 0 s                 ; 2.32 V                       ; 2.85e-07 V                   ; 2.35 V              ; -0.0123 V           ; 0.144 V                              ; 0.042 V                              ; 4.81e-10 s                  ; 4.81e-10 s                  ; Yes                        ; Yes                        ; 2.32 V                      ; 2.85e-07 V                  ; 2.35 V             ; -0.0123 V          ; 0.144 V                             ; 0.042 V                             ; 4.81e-10 s                 ; 4.81e-10 s                 ; Yes                       ; Yes                       ;
; data_rx_buff[3] ; 2.5 V        ; 0 s                 ; 0 s                 ; 2.32 V                       ; 2.85e-07 V                   ; 2.35 V              ; -0.0123 V           ; 0.144 V                              ; 0.042 V                              ; 4.81e-10 s                  ; 4.81e-10 s                  ; Yes                        ; Yes                        ; 2.32 V                      ; 2.85e-07 V                  ; 2.35 V             ; -0.0123 V          ; 0.144 V                             ; 0.042 V                             ; 4.81e-10 s                 ; 4.81e-10 s                 ; Yes                       ; Yes                       ;
; data_rx_buff[4] ; 2.5 V        ; 0 s                 ; 0 s                 ; 2.32 V                       ; 2.85e-07 V                   ; 2.33 V              ; -0.00229 V          ; 0.111 V                              ; 0.057 V                              ; 3.78e-09 s                  ; 3.5e-09 s                   ; Yes                        ; Yes                        ; 2.32 V                      ; 2.85e-07 V                  ; 2.33 V             ; -0.00229 V         ; 0.111 V                             ; 0.057 V                             ; 3.78e-09 s                 ; 3.5e-09 s                  ; Yes                       ; Yes                       ;
; data_rx_buff[5] ; 2.5 V        ; 0 s                 ; 0 s                 ; 2.32 V                       ; 1.93e-07 V                   ; 2.35 V              ; -0.00834 V          ; 0.127 V                              ; 0.035 V                              ; 4.7e-10 s                   ; 4.64e-10 s                  ; Yes                        ; Yes                        ; 2.32 V                      ; 1.93e-07 V                  ; 2.35 V             ; -0.00834 V         ; 0.127 V                             ; 0.035 V                             ; 4.7e-10 s                  ; 4.64e-10 s                 ; Yes                       ; Yes                       ;
; data_rx_buff[6] ; 2.5 V        ; 0 s                 ; 0 s                 ; 2.32 V                       ; 2.85e-07 V                   ; 2.35 V              ; -0.0123 V           ; 0.144 V                              ; 0.042 V                              ; 4.81e-10 s                  ; 4.81e-10 s                  ; Yes                        ; Yes                        ; 2.32 V                      ; 2.85e-07 V                  ; 2.35 V             ; -0.0123 V          ; 0.144 V                             ; 0.042 V                             ; 4.81e-10 s                 ; 4.81e-10 s                 ; Yes                       ; Yes                       ;
; data_rx_buff[7] ; 2.5 V        ; 0 s                 ; 0 s                 ; 2.32 V                       ; 2.85e-07 V                   ; 2.35 V              ; -0.0123 V           ; 0.144 V                              ; 0.042 V                              ; 4.81e-10 s                  ; 4.81e-10 s                  ; Yes                        ; Yes                        ; 2.32 V                      ; 2.85e-07 V                  ; 2.35 V             ; -0.0123 V          ; 0.144 V                             ; 0.042 V                             ; 4.81e-10 s                 ; 4.81e-10 s                 ; Yes                       ; Yes                       ;
; data_line_tx    ; 2.5 V        ; 0 s                 ; 0 s                 ; 2.32 V                       ; 1.93e-07 V                   ; 2.33 V              ; -0.0022 V           ; 0.088 V                              ; 0.056 V                              ; 3.76e-09 s                  ; 3.48e-09 s                  ; Yes                        ; Yes                        ; 2.32 V                      ; 1.93e-07 V                  ; 2.33 V             ; -0.0022 V          ; 0.088 V                             ; 0.056 V                             ; 3.76e-09 s                 ; 3.48e-09 s                 ; Yes                       ; Yes                       ;
; ~ALTERA_DCLK~   ; 2.5 V        ; 0 s                 ; 0 s                 ; 2.32 V                       ; 1.55e-07 V                   ; 2.35 V              ; -0.00221 V          ; 0.097 V                              ; 0.005 V                              ; 4.49e-10 s                  ; 3.85e-10 s                  ; Yes                        ; Yes                        ; 2.32 V                      ; 1.55e-07 V                  ; 2.35 V             ; -0.00221 V         ; 0.097 V                             ; 0.005 V                             ; 4.49e-10 s                 ; 3.85e-10 s                 ; Yes                       ; Yes                       ;
; ~ALTERA_nCEO~   ; 2.5 V        ; 0 s                 ; 0 s                 ; 2.32 V                       ; 2.54e-07 V                   ; 2.34 V              ; -0.00774 V          ; 0.109 V                              ; 0.026 V                              ; 6.58e-10 s                  ; 8.24e-10 s                  ; Yes                        ; Yes                        ; 2.32 V                      ; 2.54e-07 V                  ; 2.34 V             ; -0.00774 V         ; 0.109 V                             ; 0.026 V                             ; 6.58e-10 s                 ; 8.24e-10 s                 ; Yes                       ; Yes                       ;
+-----------------+--------------+---------------------+---------------------+------------------------------+------------------------------+---------------------+---------------------+--------------------------------------+--------------------------------------+-----------------------------+-----------------------------+----------------------------+----------------------------+-----------------------------+-----------------------------+--------------------+--------------------+-------------------------------------+-------------------------------------+----------------------------+----------------------------+---------------------------+---------------------------+


+----------------------------------------------------------------------------------------------------------------------------------------------------------------------------------------------------------------------------------------------------------------------------------------------------------------------------------------------------------------------------------------------------------------------------------------------------------------------------------------------------------------------------------------------------------------------------------------------------------------------------------------------------------------------------------------------+
; Signal Integrity Metrics (Fast 1200mv 0c Model)                                                                                                                                                                                                                                                                                                                                                                                                                                                                                                                                                                                                                                              ;
+-----------------+--------------+---------------------+---------------------+------------------------------+------------------------------+---------------------+---------------------+--------------------------------------+--------------------------------------+-----------------------------+-----------------------------+----------------------------+----------------------------+-----------------------------+-----------------------------+--------------------+--------------------+-------------------------------------+-------------------------------------+----------------------------+----------------------------+---------------------------+---------------------------+
; Pin             ; I/O Standard ; Board Delay on Rise ; Board Delay on Fall ; Steady State Voh at FPGA Pin ; Steady State Vol at FPGA Pin ; Voh Max at FPGA Pin ; Vol Min at FPGA Pin ; Ringback Voltage on Rise at FPGA Pin ; Ringback Voltage on Fall at FPGA Pin ; 10-90 Rise Time at FPGA Pin ; 90-10 Fall Time at FPGA Pin ; Monotonic Rise at FPGA Pin ; Monotonic Fall at FPGA Pin ; Steady State Voh at Far-end ; Steady State Vol at Far-end ; Voh Max at Far-end ; Vol Min at Far-end ; Ringback Voltage on Rise at Far-end ; Ringback Voltage on Fall at Far-end ; 10-90 Rise Time at Far-end ; 90-10 Fall Time at Far-end ; Monotonic Rise at Far-end ; Monotonic Fall at Far-end ;
+-----------------+--------------+---------------------+---------------------+------------------------------+------------------------------+---------------------+---------------------+--------------------------------------+--------------------------------------+-----------------------------+-----------------------------+----------------------------+----------------------------+-----------------------------+-----------------------------+--------------------+--------------------+-------------------------------------+-------------------------------------+----------------------------+----------------------------+---------------------------+---------------------------+
; tx_busy         ; 2.5 V        ; 0 s                 ; 0 s                 ; 2.62 V                       ; 2.74e-08 V                   ; 2.71 V              ; -0.0317 V           ; 0.148 V                              ; 0.064 V                              ; 4.51e-10 s                  ; 4.15e-10 s                  ; No                         ; Yes                        ; 2.62 V                      ; 2.74e-08 V                  ; 2.71 V             ; -0.0317 V          ; 0.148 V                             ; 0.064 V                             ; 4.51e-10 s                 ; 4.15e-10 s                 ; No                        ; Yes                       ;
; rx_busy         ; 2.5 V        ; 0 s                 ; 0 s                 ; 2.62 V                       ; 4.05e-08 V                   ; 2.72 V              ; -0.0349 V           ; 0.173 V                              ; 0.1 V                                ; 2.72e-10 s                  ; 2.69e-10 s                  ; Yes                        ; Yes                        ; 2.62 V                      ; 4.05e-08 V                  ; 2.72 V             ; -0.0349 V          ; 0.173 V                             ; 0.1 V                               ; 2.72e-10 s                 ; 2.69e-10 s                 ; Yes                       ; Yes                       ;
; rx_valid        ; 2.5 V        ; 0 s                 ; 0 s                 ; 2.62 V                       ; 4.05e-08 V                   ; 2.72 V              ; -0.0349 V           ; 0.173 V                              ; 0.1 V                                ; 2.72e-10 s                  ; 2.69e-10 s                  ; Yes                        ; Yes                        ; 2.62 V                      ; 4.05e-08 V                  ; 2.72 V             ; -0.0349 V          ; 0.173 V                             ; 0.1 V                               ; 2.72e-10 s                 ; 2.69e-10 s                 ; Yes                       ; Yes                       ;
; data_rx_buff[0] ; 2.5 V        ; 0 s                 ; 0 s                 ; 2.62 V                       ; 4.05e-08 V                   ; 2.72 V              ; -0.0349 V           ; 0.173 V                              ; 0.1 V                                ; 2.72e-10 s                  ; 2.69e-10 s                  ; Yes                        ; Yes                        ; 2.62 V                      ; 4.05e-08 V                  ; 2.72 V             ; -0.0349 V          ; 0.173 V                             ; 0.1 V                               ; 2.72e-10 s                 ; 2.69e-10 s                 ; Yes                       ; Yes                       ;
; data_rx_buff[1] ; 2.5 V        ; 0 s                 ; 0 s                 ; 2.62 V                       ; 4.05e-08 V                   ; 2.72 V              ; -0.0349 V           ; 0.173 V                              ; 0.1 V                                ; 2.72e-10 s                  ; 2.69e-10 s                  ; Yes                        ; Yes                        ; 2.62 V                      ; 4.05e-08 V                  ; 2.72 V             ; -0.0349 V          ; 0.173 V                             ; 0.1 V                               ; 2.72e-10 s                 ; 2.69e-10 s                 ; Yes                       ; Yes                       ;
; data_rx_buff[2] ; 2.5 V        ; 0 s                 ; 0 s                 ; 2.62 V                       ; 4.05e-08 V                   ; 2.72 V              ; -0.0349 V           ; 0.173 V                              ; 0.1 V                                ; 2.72e-10 s                  ; 2.69e-10 s                  ; Yes                        ; Yes                        ; 2.62 V                      ; 4.05e-08 V                  ; 2.72 V             ; -0.0349 V          ; 0.173 V                             ; 0.1 V                               ; 2.72e-10 s                 ; 2.69e-10 s                 ; Yes                       ; Yes                       ;
; data_rx_buff[3] ; 2.5 V        ; 0 s                 ; 0 s                 ; 2.62 V                       ; 4.05e-08 V                   ; 2.72 V              ; -0.0349 V           ; 0.173 V                              ; 0.1 V                                ; 2.72e-10 s                  ; 2.69e-10 s                  ; Yes                        ; Yes                        ; 2.62 V                      ; 4.05e-08 V                  ; 2.72 V             ; -0.0349 V          ; 0.173 V                             ; 0.1 V                               ; 2.72e-10 s                 ; 2.69e-10 s                 ; Yes                       ; Yes                       ;
; data_rx_buff[4] ; 2.5 V        ; 0 s                 ; 0 s                 ; 2.62 V                       ; 4.05e-08 V                   ; 2.64 V              ; -0.0113 V           ; 0.208 V                              ; 0.179 V                              ; 2.38e-09 s                  ; 2.23e-09 s                  ; No                         ; Yes                        ; 2.62 V                      ; 4.05e-08 V                  ; 2.64 V             ; -0.0113 V          ; 0.208 V                             ; 0.179 V                             ; 2.38e-09 s                 ; 2.23e-09 s                 ; No                        ; Yes                       ;
; data_rx_buff[5] ; 2.5 V        ; 0 s                 ; 0 s                 ; 2.62 V                       ; 2.74e-08 V                   ; 2.73 V              ; -0.0384 V           ; 0.169 V                              ; 0.089 V                              ; 2.7e-10 s                   ; 2.62e-10 s                  ; Yes                        ; Yes                        ; 2.62 V                      ; 2.74e-08 V                  ; 2.73 V             ; -0.0384 V          ; 0.169 V                             ; 0.089 V                             ; 2.7e-10 s                  ; 2.62e-10 s                 ; Yes                       ; Yes                       ;
; data_rx_buff[6] ; 2.5 V        ; 0 s                 ; 0 s                 ; 2.62 V                       ; 4.05e-08 V                   ; 2.72 V              ; -0.0349 V           ; 0.173 V                              ; 0.1 V                                ; 2.72e-10 s                  ; 2.69e-10 s                  ; Yes                        ; Yes                        ; 2.62 V                      ; 4.05e-08 V                  ; 2.72 V             ; -0.0349 V          ; 0.173 V                             ; 0.1 V                               ; 2.72e-10 s                 ; 2.69e-10 s                 ; Yes                       ; Yes                       ;
; data_rx_buff[7] ; 2.5 V        ; 0 s                 ; 0 s                 ; 2.62 V                       ; 4.05e-08 V                   ; 2.72 V              ; -0.0349 V           ; 0.173 V                              ; 0.1 V                                ; 2.72e-10 s                  ; 2.69e-10 s                  ; Yes                        ; Yes                        ; 2.62 V                      ; 4.05e-08 V                  ; 2.72 V             ; -0.0349 V          ; 0.173 V                             ; 0.1 V                               ; 2.72e-10 s                 ; 2.69e-10 s                 ; Yes                       ; Yes                       ;
; data_line_tx    ; 2.5 V        ; 0 s                 ; 0 s                 ; 2.62 V                       ; 2.74e-08 V                   ; 2.64 V              ; -0.0117 V           ; 0.202 V                              ; 0.176 V                              ; 2.38e-09 s                  ; 2.22e-09 s                  ; No                         ; Yes                        ; 2.62 V                      ; 2.74e-08 V                  ; 2.64 V             ; -0.0117 V          ; 0.202 V                             ; 0.176 V                             ; 2.38e-09 s                 ; 2.22e-09 s                 ; No                        ; Yes                       ;
; ~ALTERA_DCLK~   ; 2.5 V        ; 0 s                 ; 0 s                 ; 2.62 V                       ; 2.22e-08 V                   ; 2.74 V              ; -0.06 V             ; 0.158 V                              ; 0.08 V                               ; 2.68e-10 s                  ; 2.19e-10 s                  ; Yes                        ; Yes                        ; 2.62 V                      ; 2.22e-08 V                  ; 2.74 V             ; -0.06 V            ; 0.158 V                             ; 0.08 V                              ; 2.68e-10 s                 ; 2.19e-10 s                 ; Yes                       ; Yes                       ;
; ~ALTERA_nCEO~   ; 2.5 V        ; 0 s                 ; 0 s                 ; 2.62 V                       ; 3.54e-08 V                   ; 2.7 V               ; -0.00943 V          ; 0.276 V                              ; 0.035 V                              ; 3.19e-10 s                  ; 4.99e-10 s                  ; No                         ; Yes                        ; 2.62 V                      ; 3.54e-08 V                  ; 2.7 V              ; -0.00943 V         ; 0.276 V                             ; 0.035 V                             ; 3.19e-10 s                 ; 4.99e-10 s                 ; No                        ; Yes                       ;
+-----------------+--------------+---------------------+---------------------+------------------------------+------------------------------+---------------------+---------------------+--------------------------------------+--------------------------------------+-----------------------------+-----------------------------+----------------------------+----------------------------+-----------------------------+-----------------------------+--------------------+--------------------+-------------------------------------+-------------------------------------+----------------------------+----------------------------+---------------------------+---------------------------+


+-------------------------------------------------------------------+
; Setup Transfers                                                   ;
+------------+----------+----------+----------+----------+----------+
; From Clock ; To Clock ; RR Paths ; FR Paths ; RF Paths ; FF Paths ;
+------------+----------+----------+----------+----------+----------+
; clk        ; clk      ; 5049     ; 0        ; 0        ; 0        ;
+------------+----------+----------+----------+----------+----------+
Entries labeled "false path" only account for clock-to-clock false paths and not path-based false paths. As a result, actual path counts may be lower than reported.


+-------------------------------------------------------------------+
; Hold Transfers                                                    ;
+------------+----------+----------+----------+----------+----------+
; From Clock ; To Clock ; RR Paths ; FR Paths ; RF Paths ; FF Paths ;
+------------+----------+----------+----------+----------+----------+
; clk        ; clk      ; 5049     ; 0        ; 0        ; 0        ;
+------------+----------+----------+----------+----------+----------+
Entries labeled "false path" only account for clock-to-clock false paths and not path-based false paths. As a result, actual path counts may be lower than reported.


---------------
; Report TCCS ;
---------------
No dedicated SERDES Transmitter circuitry present in device or used in design


---------------
; Report RSKM ;
---------------
No non-DPA dedicated SERDES Receiver circuitry present in device or used in design


+------------------------------------------------+
; Unconstrained Paths Summary                    ;
+---------------------------------+-------+------+
; Property                        ; Setup ; Hold ;
+---------------------------------+-------+------+
; Illegal Clocks                  ; 0     ; 0    ;
; Unconstrained Clocks            ; 0     ; 0    ;
; Unconstrained Input Ports       ; 12    ; 12   ;
; Unconstrained Input Port Paths  ; 127   ; 127  ;
; Unconstrained Output Ports      ; 12    ; 12   ;
; Unconstrained Output Port Paths ; 12    ; 12   ;
+---------------------------------+-------+------+


+-------------------------------------+
; Clock Status Summary                ;
+--------+-------+------+-------------+
; Target ; Clock ; Type ; Status      ;
+--------+-------+------+-------------+
; clk    ; clk   ; Base ; Constrained ;
+--------+-------+------+-------------+


+--------------------------------------------------------------------------------------------------------+
; Unconstrained Input Ports                                                                              ;
+-----------------+--------------------------------------------------------------------------------------+
; Input Port      ; Comment                                                                              ;
+-----------------+--------------------------------------------------------------------------------------+
; data_line_rx    ; No input delay, min/max delays, false-path exceptions, or max skew assignments found ;
; data_tx_buff[0] ; No input delay, min/max delays, false-path exceptions, or max skew assignments found ;
; data_tx_buff[1] ; No input delay, min/max delays, false-path exceptions, or max skew assignments found ;
; data_tx_buff[2] ; No input delay, min/max delays, false-path exceptions, or max skew assignments found ;
; data_tx_buff[3] ; No input delay, min/max delays, false-path exceptions, or max skew assignments found ;
; data_tx_buff[4] ; No input delay, min/max delays, false-path exceptions, or max skew assignments found ;
; data_tx_buff[5] ; No input delay, min/max delays, false-path exceptions, or max skew assignments found ;
; data_tx_buff[6] ; No input delay, min/max delays, false-path exceptions, or max skew assignments found ;
; data_tx_buff[7] ; No input delay, min/max delays, false-path exceptions, or max skew assignments found ;
; r               ; No input delay, min/max delays, false-path exceptions, or max skew assignments found ;
; rst_n           ; No input delay, min/max delays, false-path exceptions, or max skew assignments found ;
; w               ; No input delay, min/max delays, false-path exceptions, or max skew assignments found ;
+-----------------+--------------------------------------------------------------------------------------+


+---------------------------------------------------------------------------------------------------------+
; Unconstrained Output Ports                                                                              ;
+-----------------+---------------------------------------------------------------------------------------+
; Output Port     ; Comment                                                                               ;
+-----------------+---------------------------------------------------------------------------------------+
; data_line_tx    ; No output delay, min/max delays, false-path exceptions, or max skew assignments found ;
; data_rx_buff[0] ; No output delay, min/max delays, false-path exceptions, or max skew assignments found ;
; data_rx_buff[1] ; No output delay, min/max delays, false-path exceptions, or max skew assignments found ;
; data_rx_buff[2] ; No output delay, min/max delays, false-path exceptions, or max skew assignments found ;
; data_rx_buff[3] ; No output delay, min/max delays, false-path exceptions, or max skew assignments found ;
; data_rx_buff[4] ; No output delay, min/max delays, false-path exceptions, or max skew assignments found ;
; data_rx_buff[5] ; No output delay, min/max delays, false-path exceptions, or max skew assignments found ;
; data_rx_buff[6] ; No output delay, min/max delays, false-path exceptions, or max skew assignments found ;
; data_rx_buff[7] ; No output delay, min/max delays, false-path exceptions, or max skew assignments found ;
; rx_busy         ; No output delay, min/max delays, false-path exceptions, or max skew assignments found ;
; rx_valid        ; No output delay, min/max delays, false-path exceptions, or max skew assignments found ;
; tx_busy         ; No output delay, min/max delays, false-path exceptions, or max skew assignments found ;
+-----------------+---------------------------------------------------------------------------------------+


+--------------------------------------------------------------------------------------------------------+
; Unconstrained Input Ports                                                                              ;
+-----------------+--------------------------------------------------------------------------------------+
; Input Port      ; Comment                                                                              ;
+-----------------+--------------------------------------------------------------------------------------+
; data_line_rx    ; No input delay, min/max delays, false-path exceptions, or max skew assignments found ;
; data_tx_buff[0] ; No input delay, min/max delays, false-path exceptions, or max skew assignments found ;
; data_tx_buff[1] ; No input delay, min/max delays, false-path exceptions, or max skew assignments found ;
; data_tx_buff[2] ; No input delay, min/max delays, false-path exceptions, or max skew assignments found ;
; data_tx_buff[3] ; No input delay, min/max delays, false-path exceptions, or max skew assignments found ;
; data_tx_buff[4] ; No input delay, min/max delays, false-path exceptions, or max skew assignments found ;
; data_tx_buff[5] ; No input delay, min/max delays, false-path exceptions, or max skew assignments found ;
; data_tx_buff[6] ; No input delay, min/max delays, false-path exceptions, or max skew assignments found ;
; data_tx_buff[7] ; No input delay, min/max delays, false-path exceptions, or max skew assignments found ;
; r               ; No input delay, min/max delays, false-path exceptions, or max skew assignments found ;
; rst_n           ; No input delay, min/max delays, false-path exceptions, or max skew assignments found ;
; w               ; No input delay, min/max delays, false-path exceptions, or max skew assignments found ;
+-----------------+--------------------------------------------------------------------------------------+


+---------------------------------------------------------------------------------------------------------+
; Unconstrained Output Ports                                                                              ;
+-----------------+---------------------------------------------------------------------------------------+
; Output Port     ; Comment                                                                               ;
+-----------------+---------------------------------------------------------------------------------------+
; data_line_tx    ; No output delay, min/max delays, false-path exceptions, or max skew assignments found ;
; data_rx_buff[0] ; No output delay, min/max delays, false-path exceptions, or max skew assignments found ;
; data_rx_buff[1] ; No output delay, min/max delays, false-path exceptions, or max skew assignments found ;
; data_rx_buff[2] ; No output delay, min/max delays, false-path exceptions, or max skew assignments found ;
; data_rx_buff[3] ; No output delay, min/max delays, false-path exceptions, or max skew assignments found ;
; data_rx_buff[4] ; No output delay, min/max delays, false-path exceptions, or max skew assignments found ;
; data_rx_buff[5] ; No output delay, min/max delays, false-path exceptions, or max skew assignments found ;
; data_rx_buff[6] ; No output delay, min/max delays, false-path exceptions, or max skew assignments found ;
; data_rx_buff[7] ; No output delay, min/max delays, false-path exceptions, or max skew assignments found ;
; rx_busy         ; No output delay, min/max delays, false-path exceptions, or max skew assignments found ;
; rx_valid        ; No output delay, min/max delays, false-path exceptions, or max skew assignments found ;
; tx_busy         ; No output delay, min/max delays, false-path exceptions, or max skew assignments found ;
+-----------------+---------------------------------------------------------------------------------------+


+--------------------------+
; Timing Analyzer Messages ;
+--------------------------+
Info: *******************************************************************
Info: Running Quartus Prime Timing Analyzer
    Info: Version 20.1.0 Build 711 06/05/2020 SJ Lite Edition
    Info: Processing started: Mon Sep 07 11:39:48 2026
Info: Command: quartus_sta UART -c UART
Info: qsta_default_script.tcl version: #1
Warning (18236): Number of processors has not been specified which may cause overloading on shared machines.  Set the global assignment NUM_PARALLEL_PROCESSORS in your QSF to an appropriate value for best performance.
Info (20030): Parallel compilation is enabled and will use 16 of the 16 processors detected
Info (21077): Low junction temperature is 0 degrees C
Info (21077): High junction temperature is 85 degrees C
Critical Warning (332012): Synopsys Design Constraints File file not found: 'UART.sdc'. A Synopsys Design Constraints File is required by the Timing Analyzer to get proper timing constraints. Without it, the Compiler will not properly optimize the design.
Info (332142): No user constrained base clocks found in the design. Calling "derive_clocks -period 1.0"
Info (332105): Deriving Clocks
    Info (332105): create_clock -period 1.000 -name clk clk
Info (332143): No user constrained clock uncertainty found in the design. Calling "derive_clock_uncertainty"
Info (332123): Deriving Clock Uncertainty. Please refer to report_sdc in the Timing Analyzer to see clock uncertainties.
Info: Found TIMING_ANALYZER_REPORT_SCRIPT_INCLUDE_DEFAULT_ANALYSIS = ON
Info: Analyzing Slow 1200mV 85C Model
Critical Warning (332148): Timing requirements not met
    Info (11105): For recommendations on closing timing, run Report Timing Closure Recommendations in the Timing Analyzer.
Info (332146): Worst-case setup slack is -4.549
    Info (332119):     Slack       End Point TNS Clock 
    Info (332119): ========= =================== =====================
    Info (332119):    -4.549            -370.007 clk 
Info (332146): Worst-case hold slack is 0.453
    Info (332119):     Slack       End Point TNS Clock 
    Info (332119): ========= =================== =====================
    Info (332119):     0.453               0.000 clk 
Info (332140): No Recovery paths to report
Info (332140): No Removal paths to report
Info (332146): Worst-case minimum pulse width slack is -3.000
    Info (332119):     Slack       End Point TNS Clock 
    Info (332119): ========= =================== =====================
    Info (332119):    -3.000            -153.187 clk 
Info: Analyzing Slow 1200mV 0C Model
Info (334003): Started post-fitting delay annotation
Info (334004): Delay annotation completed successfully
Info (332123): Deriving Clock Uncertainty. Please refer to report_sdc in the Timing Analyzer to see clock uncertainties.
Critical Warning (332148): Timing requirements not met
    Info (11105): For recommendations on closing timing, run Report Timing Closure Recommendations in the Timing Analyzer.
Info (332146): Worst-case setup slack is -4.164
    Info (332119):     Slack       End Point TNS Clock 
    Info (332119): ========= =================== =====================
    Info (332119):    -4.164            -341.694 clk 
Info (332146): Worst-case hold slack is 0.402
    Info (332119):     Slack       End Point TNS Clock 
    Info (332119): ========= =================== =====================
    Info (332119):     0.402               0.000 clk 
Info (332140): No Recovery paths to report
Info (332140): No Removal paths to report
Info (332146): Worst-case minimum pulse width slack is -3.000
    Info (332119):     Slack       End Point TNS Clock 
    Info (332119): ========= =================== =====================
    Info (332119):    -3.000            -153.187 clk 
Info: Analyzing Fast 1200mV 0C Model
Info (332123): Deriving Clock Uncertainty. Please refer to report_sdc in the Timing Analyzer to see clock uncertainties.
Critical Warning (332148): Timing requirements not met
    Info (11105): For recommendations on closing timing, run Report Timing Closure Recommendations in the Timing Analyzer.
Info (332146): Worst-case setup slack is -1.371
    Info (332119):     Slack       End Point TNS Clock 
    Info (332119): ========= =================== =====================
    Info (332119):    -1.371            -105.647 clk 
Info (332146): Worst-case hold slack is 0.186
    Info (332119):     Slack       End Point TNS Clock 
    Info (332119): ========= =================== =====================
    Info (332119):     0.186               0.000 clk 
Info (332140): No Recovery paths to report
Info (332140): No Removal paths to report
Info (332146): Worst-case minimum pulse width slack is -3.000
    Info (332119):     Slack       End Point TNS Clock 
    Info (332119): ========= =================== =====================
    Info (332119):    -3.000            -110.520 clk 
Info (332102): Design is not fully constrained for setup requirements
Info (332102): Design is not fully constrained for hold requirements
Info: Quartus Prime Timing Analyzer was successful. 0 errors, 5 warnings
    Info: Peak virtual memory: 4905 megabytes
    Info: Processing ended: Mon Sep 07 11:39:49 2026
    Info: Elapsed time: 00:00:01
    Info: Total CPU time (on all processors): 00:00:01


